Màu Mắt,Kiểu Mắt,Màu Tóc Tự Nhiên,Màu Da,Kiểu Mũi,Kiểu Tóc,Kiểu Môi,Râu Tóc Lông,Kiểu Khuôn Mặt,Chủng Tộc
Lam,Vừa,Vàng,17,Thấp,Xoăn,Dày,Rậm,Dài,
Đen,To,Đen,24,Cao,Lượn sóng,Dày,Thưa,Bẹt,
Nâu,To,Nâu,19,Thấp,Thẳng,Vừa,Rậm,Bẹt,
Nâu,To,Đen,17,Thấp,Lượn sóng,Dày,Rậm,Dô,
Đen,To,Đen,24,Gãy,Xoăn,Vừa,Thưa,Bẹt,
Nâu,To,Nâu,21,Gãy,Xoăn,Vừa,Thưa,Ngắn,
Đen,Vừa,Đỏ,30,Lỗ mũi to,Xoăn,Vừa,Thưa,Dô,
Xám,To,Đen,29,Lỗ mũi to,Xoăn,Vừa,Rậm,Bẹt,
Đen,Nhỏ,Nâu,20,Cao,Lượn sóng,Dày,Thưa,Ngắn,
Đen,To,Nâu,16,Lỗ mũi to,Xoăn,Mỏng,Rậm,Dài,
Nâu,Vừa,Đen,18,Thấp,Xoăn,Dày,Thưa,Dô,
Dị sấc,To,Lam,28,Cao,Thẳng,Mỏng,Rậm,Ngắn,
Nâu,Nhỏ,Đen,15,Thấp,Xoăn,Dày,Thưa,Dài,
Lam,Nhỏ,Nâu,22,Thấp,Thẳng,Vừa,Rậm,Dài,
Lam,Nhỏ,Nâu,29,Cao,Xoăn,Mỏng,Thưa,Ngắn,
Vàng,Nhỏ,Lam,18,Thấp,Xoăn,Vừa,Thưa,Dài,
Nâu,Nhỏ,Đen,12,Gãy,Thẳng,Dày,Thưa,Dô,
Nâu,To,Đen,42,Cao,Thẳng,Dày,Rậm,Bẹt,
Nâu,To,Nâu,22,Gãy,Thẳng,Vừa,Rậm,Dài,
Đen,Nhỏ,Nâu,15,Cao,Xoăn,Vừa,Rậm,Dài,
Nâu,To,Đen,20,Thấp,Thẳng,Dày,Thưa,Dài,
Đỏ,Nhỏ,Nâu,11,Gãy,Lượn sóng,Mỏng,Thưa,Dài,
Đen,To,Vàng,26,Lỗ mũi to,Xoăn,Dày,Thưa,Bẹt,
Lam,Nhỏ,Nâu,28,Gãy,Xoăn,Mỏng,Thưa,Dài,
Đen,Nhỏ,Nâu,21,Thấp,Thẳng,Mỏng,Thưa,Bẹt,
Nâu,To,Đen,29,Thấp,Thẳng,Dày,Rậm,Bẹt,
Nâu,Nhỏ,Nâu,37,Cao,Thẳng,Mỏng,Rậm,Ngắn,
Xám,Nhỏ,Nâu,25,Thấp,Thẳng,Vừa,Rậm,Bẹt,
Nâu,To,Đen,23,Lỗ mũi to,Lượn sóng,Vừa,Thưa,Dô,
Nâu,Nhỏ,Đen,34,Thấp,Lượn sóng,Vừa,Rậm,Dô,
Nâu,Nhỏ,Đen,25,Gãy,Xoăn,Mỏng,Thưa,Dài,
Nâu,Nhỏ,Đen,15,Lỗ mũi to,Xoăn,Vừa,Rậm,Ngắn,
Lam,Vừa,Đen,22,Cao,Thẳng,Vừa,Thưa,Dô,
Đen,Vừa,Nâu,19,Lỗ mũi to,Xoăn,Vừa,Thưa,Bẹt,
Nâu,Nhỏ,Nâu,23,Thấp,Thẳng,Vừa,Rậm,Ngắn,
Nâu,Nhỏ,Đỏ,18,Cao,Xoăn,Vừa,Thưa,Dài,
Đen,To,Đen,16,Cao,Lượn sóng,Mỏng,Thưa,Bẹt,
Nâu,Nhỏ,Đen,19,Thấp,Thẳng,Vừa,Thưa,Bẹt,
Nâu,To,Đen,29,Cao,Thẳng,Dày,Rậm,Bẹt,
Vàng,Nhỏ,Nâu,16,Cao,Xoăn,Vừa,Rậm,Bẹt,
Nâu,To,Nâu,19,Thấp,Xoăn,Mỏng,Thưa,Bẹt,
Nâu,To,Nâu,15,Thấp,Xoăn,Vừa,Rậm,Bẹt,
Vàng,To,Vàng,17,Cao,Xoăn,Dày,Rậm,Dài,
Đen,Nhỏ,Đen,21,Thấp,Xoăn,Mỏng,Thưa,Bẹt,
Đen,To,Đen,18,Cao,Xoăn,Vừa,Rậm,Bẹt,
Nâu,To,Nâu,20,Thấp,Thẳng,Vừa,Rậm,Bẹt,
Nâu,Vừa,Đen,22,Cao,Thẳng,Vừa,Thưa,Dô,
Lam,Nhỏ,Đen,15,Cao,Xoăn,Dày,Rậm,Bẹt,
Nâu,Nhỏ,Nâu,24,Thấp,Thẳng,Dày,Thưa,Bẹt,
Đen,To,Nâu,19,Thấp,Thẳng,Dày,Rậm,Bẹt,
Nâu,Nhỏ,Nâu,20,Gãy,Lượn sóng,Dày,Rậm,Dài,
Đen,To,Nâu,20,Gãy,Xoăn,Mỏng,Thưa,Bẹt,
Đen,To,Đen,32,Lỗ mũi to,Thẳng,Vừa,Rậm,Ngắn,
Nâu,Nhỏ,Đen,30,Thấp,Thẳng,Vừa,Thưa,Dô,
Nâu,To,Đen,15,Thấp,Xoăn,Dày,Rậm,Dô,
Đen,To,Nâu,22,Lỗ mũi to,Lượn sóng,Mỏng,Rậm,Bẹt,
Nâu,To,Nâu,13,Lỗ mũi to,Lượn sóng,Vừa,Thưa,Bẹt,
Lam,Nhỏ,Đen,17,Gãy,Lượn sóng,Vừa,Rậm,Bẹt,
Nâu,To,Đen,21,Cao,Xoăn,Mỏng,Thưa,Ngắn,
Nâu,Nhỏ,Đen,23,Cao,Thẳng,Vừa,Thưa,Dài,
Nâu,To,Vàng,5,Thấp,Thẳng,Vừa,Rậm,Bẹt,
Nâu,Nhỏ,Nâu,27,Gãy,Thẳng,Vừa,Rậm,Bẹt,
Xám,Nhỏ,Đỏ,20,Thấp,Thẳng,Vừa,Rậm,Dô,
Xám,Nhỏ,Đen,16,Cao,Thẳng,Mỏng,Thưa,Dài,
Nâu,To,Đen,26,Thấp,Xoăn,Vừa,Thưa,Dô,
Nâu,Nhỏ,Đen,10,Gãy,Thẳng,Mỏng,Thưa,Ngắn,
Đen,Nhỏ,Vàng,33,Gãy,Thẳng,Mỏng,Rậm,Dài,
Lam,To,Nâu,16,Lỗ mũi to,Thẳng,Mỏng,Rậm,Bẹt,
Nâu,To,Nâu,20,Thấp,Lượn sóng,Dày,Thưa,Dô,
Đen,Nhỏ,Nâu,21,Lỗ mũi to,Thẳng,Dày,Thưa,Bẹt,
Nâu,To,Nâu,26,Thấp,Xoăn,Vừa,Thưa,Bẹt,
Đen,Nhỏ,Đen,29,Thấp,Lượn sóng,Dày,Thưa,Ngắn,
Nâu,To,Nâu,28,Lỗ mũi to,Thẳng,Mỏng,Rậm,Dài,
Nâu,To,Nâu,19,Thấp,Xoăn,Vừa,Thưa,Ngắn,
Đen,To,Nâu,17,Thấp,Xoăn,Vừa,Thưa,Bẹt,
Đen,Nhỏ,Đen,19,Lỗ mũi to,Xoăn,Vừa,Rậm,Ngắn,
Nâu,To,Đỏ,26,Gãy,Lượn sóng,Mỏng,Rậm,Bẹt,
Nâu,Nhỏ,Đỏ,22,Cao,Xoăn,Vừa,Thưa,Dô,
Đen,Nhỏ,Đen,30,Thấp,Thẳng,Dày,Thưa,Dài,
Xám,To,Nâu,17,Lỗ mũi to,Xoăn,Mỏng,Thưa,Dài,
Đen,Nhỏ,Đen,19,Cao,Thẳng,Vừa,Rậm,Bẹt,
Nâu,Nhỏ,Đen,23,Lỗ mũi to,Xoăn,Vừa,Rậm,Bẹt,
Nâu,To,Đen,20,Cao,Lượn sóng,Dày,Thưa,Dô,
Đen,To,Vàng,19,Cao,Thẳng,Vừa,Thưa,Dài,
Lam,To,Đỏ,12,Cao,Xoăn,Dày,Thưa,Dài,
Nâu,To,Nâu,24,Cao,Thẳng,Mỏng,Rậm,Dài,
Đen,To,Vàng,23,Gãy,Thẳng,Vừa,Rậm,Bẹt,
Đen,Nhỏ,Nâu,16,Lỗ mũi to,Thẳng,Mỏng,Thưa,Bẹt,
Đen,To,Nâu,18,Thấp,Thẳng,Vừa,Rậm,Bẹt,
Lam,To,Nâu,22,Gãy,Xoăn,Dày,Thưa,Dài,
Đen,Nhỏ,Đen,16,Thấp,Xoăn,Vừa,Thưa,Dô,
Đen,Nhỏ,Nâu,21,Gãy,Xoăn,Mỏng,Thưa,Ngắn,
Đen,Nhỏ,Nâu,27,Cao,Thẳng,Dày,Rậm,Bẹt,
Đen,Nhỏ,Nâu,21,Thấp,Xoăn,Dày,Rậm,Bẹt,
Nâu,To,Lam,15,Lỗ mũi to,Lượn sóng,Vừa,Thưa,Dô,
Nâu,To,Nâu,9,Cao,Thẳng,Vừa,Thưa,Bẹt,
Nâu,Vừa,Nâu,27,Cao,Xoăn,Vừa,Rậm,Dô,
Nâu,To,Nâu,19,Lỗ mũi to,Thẳng,Mỏng,Thưa,Ngắn,
Nâu,To,Nâu,18,Thấp,Xoăn,Vừa,Thưa,Bẹt,
Nâu,To,Nâu,33,Cao,Lượn sóng,Dày,Thưa,Bẹt,
Nâu,To,Vàng,33,Gãy,Xoăn,Mỏng,Rậm,Ngắn,
Đen,Nhỏ,Nâu,13,Lỗ mũi to,Xoăn,Dày,Rậm,Bẹt,
Nâu,Vừa,Nâu,25,Thấp,Xoăn,Dày,Rậm,Ngắn,
Nâu,Vừa,Nâu,17,Gãy,Xoăn,Vừa,Rậm,Bẹt,
Nâu,To,Vàng,17,Lỗ mũi to,Xoăn,Mỏng,Rậm,Bẹt,
Đen,To,Đen,17,Gãy,Thẳng,Dày,Rậm,Dài,
Nâu,To,Nâu,18,Gãy,Lượn sóng,Vừa,Rậm,Dài,
Đen,Vừa,Nâu,23,Gãy,Thẳng,Vừa,Rậm,Bẹt,
Nâu,To,Đen,33,Gãy,Xoăn,Vừa,Rậm,Dô,
Đỏ,Nhỏ,Đen,16,Cao,Thẳng,Vừa,Rậm,Dô,
Đen,Vừa,Nâu,17,Lỗ mũi to,Xoăn,Vừa,Thưa,Bẹt,
Đen,To,Nâu,18,Gãy,Lượn sóng,Dày,Thưa,Dô,
Nâu,Vừa,Đen,23,Thấp,Lượn sóng,Mỏng,Thưa,Dô,
Đen,To,Đen,11,Thấp,Thẳng,Vừa,Thưa,Dô,
Đen,Vừa,Đen,15,Thấp,Xoăn,Vừa,Thưa,Ngắn,
Nâu,Nhỏ,Nâu,23,Thấp,Lượn sóng,Dày,Rậm,Dô,
Nâu,To,Đen,22,Cao,Xoăn,Mỏng,Thưa,Bẹt,
Nâu,To,Nâu,30,Gãy,Xoăn,Dày,Thưa,Bẹt,
Đen,Nhỏ,Nâu,19,Cao,Lượn sóng,Vừa,Rậm,Dài,
Nâu,To,Đen,14,Gãy,Thẳng,Vừa,Rậm,Dài,
Đen,Nhỏ,Đen,20,Gãy,Thẳng,Vừa,Thưa,Dài,
Đen,Nhỏ,Nâu,18,Thấp,Thẳng,Vừa,Thưa,Dài,
Đen,Nhỏ,Nâu,17,Lỗ mũi to,Xoăn,Vừa,Thưa,Bẹt,
Đen,To,Nâu,35,Lỗ mũi to,Thẳng,Vừa,Rậm,Dô,
Nâu,To,Vàng,28,Thấp,Lượn sóng,Vừa,Rậm,Bẹt,
Đen,To,Nâu,21,Lỗ mũi to,Xoăn,Dày,Thưa,Bẹt,
Nâu,To,Đen,29,Cao,Xoăn,Mỏng,Thưa,Dài,
Nâu,To,Đen,23,Thấp,Lượn sóng,Mỏng,Thưa,Bẹt,
Nâu,Nhỏ,Đỏ,30,Lỗ mũi to,Xoăn,Dày,Thưa,Dô,
Đen,To,Nâu,19,Thấp,Xoăn,Mỏng,Rậm,Ngắn,
Lam,Nhỏ,Đen,25,Thấp,Thẳng,Vừa,Rậm,Bẹt,
Đen,To,Đen,18,Cao,Lượn sóng,Dày,Thưa,Dài,
Đen,Nhỏ,Đen,26,Thấp,Xoăn,Vừa,Thưa,Dài,
Nâu,To,Đỏ,25,Thấp,Thẳng,Vừa,Thưa,Dài,
Nâu,Nhỏ,Đen,12,Cao,Thẳng,Vừa,Thưa,Bẹt,
Nâu,Nhỏ,Nâu,21,Thấp,Thẳng,Vừa,Thưa,Dô,
Đen,Nhỏ,Đen,20,Thấp,Thẳng,Vừa,Rậm,Bẹt,
Đen,To,Nâu,24,Thấp,Thẳng,Mỏng,Rậm,Dài,
Vàng,Nhỏ,Nâu,18,Thấp,Lượn sóng,Mỏng,Thưa,Ngắn,
Nâu,Vừa,Nâu,15,Lỗ mũi to,Xoăn,Mỏng,Rậm,Dô,
Đen,Nhỏ,Đen,26,Gãy,Lượn sóng,Mỏng,Rậm,Bẹt,
Xám,To,Nâu,31,Gãy,Thẳng,Dày,Rậm,Dài,
Nâu,Nhỏ,Đen,23,Lỗ mũi to,Thẳng,Vừa,Rậm,Ngắn,
Nâu,To,Đen,23,Thấp,Xoăn,Mỏng,Rậm,Dô,
Nâu,To,Nâu,20,Thấp,Thẳng,Vừa,Rậm,Dô,
Đen,To,Đen,11,Gãy,Thẳng,Mỏng,Rậm,Dài,
Nâu,Nhỏ,Nâu,15,Cao,Xoăn,Vừa,Thưa,Dài,
Xám,To,Đỏ,6,Thấp,Xoăn,Vừa,Thưa,Bẹt,
Đen,To,Nâu,23,Lỗ mũi to,Xoăn,Mỏng,Rậm,Dài,
Lam,To,Đen,8,Thấp,Lượn sóng,Dày,Rậm,Bẹt,
Đen,To,Đen,19,Lỗ mũi to,Lượn sóng,Vừa,Thưa,Dài,
Đen,Vừa,Vàng,12,Lỗ mũi to,Xoăn,Vừa,Thưa,Dài,
Nâu,To,Đen,16,Thấp,Lượn sóng,Dày,Thưa,Bẹt,
Đen,Nhỏ,Nâu,20,Thấp,Thẳng,Dày,Thưa,Dô,
Nâu,To,Nâu,20,Cao,Thẳng,Mỏng,Rậm,Ngắn,
Nâu,Nhỏ,Đen,26,Lỗ mũi to,Lượn sóng,Vừa,Rậm,Dô,
Lam,Nhỏ,Vàng,17,Thấp,Xoăn,Mỏng,Rậm,Dài,
Vàng,To,Đen,11,Thấp,Lượn sóng,Mỏng,Rậm,Dài,
Lam,Nhỏ,Đen,31,Lỗ mũi to,Xoăn,Vừa,Rậm,Dài,
Nâu,Nhỏ,Nâu,21,Thấp,Xoăn,Dày,Rậm,Bẹt,
Lam,To,Đen,29,Thấp,Xoăn,Vừa,Thưa,Bẹt,
Đỏ,To,Đen,21,Cao,Xoăn,Mỏng,Rậm,Dô,
Nâu,Nhỏ,Đen,29,Thấp,Lượn sóng,Vừa,Rậm,Dô,
Xám,To,Nâu,17,Cao,Thẳng,Vừa,Thưa,Bẹt,
Nâu,Nhỏ,Đen,23,Thấp,Thẳng,Vừa,Rậm,Bẹt,
Nâu,To,Nâu,21,Thấp,Thẳng,Vừa,Thưa,Bẹt,
Đen,Vừa,Nâu,12,Lỗ mũi to,Lượn sóng,Mỏng,Rậm,Ngắn,
Nâu,Nhỏ,Nâu,34,Lỗ mũi to,Thẳng,Dày,Thưa,Ngắn,
Nâu,Nhỏ,Đen,22,Thấp,Thẳng,Dày,Rậm,Dài,
Nâu,To,Đỏ,6,Cao,Lượn sóng,Mỏng,Thưa,Dài,
Nâu,To,Vàng,23,Lỗ mũi to,Lượn sóng,Vừa,Thưa,Bẹt,
Đen,To,Nâu,15,Thấp,Lượn sóng,Vừa,Thưa,Dô,
Xám,Nhỏ,Đen,21,Cao,Lượn sóng,Mỏng,Rậm,Ngắn,
Lam,Nhỏ,Đen,29,Lỗ mũi to,Lượn sóng,Dày,Rậm,Dài,
Xám,To,Nâu,20,Thấp,Thẳng,Dày,Rậm,Dài,
Lam,Nhỏ,Nâu,30,Thấp,Thẳng,Vừa,Rậm,Bẹt,
Nâu,Nhỏ,Nâu,18,Cao,Xoăn,Dày,Rậm,Bẹt,
Nâu,Nhỏ,Nâu,11,Lỗ mũi to,Lượn sóng,Vừa,Thưa,Dô,
Nâu,To,Nâu,20,Gãy,Thẳng,Dày,Rậm,Dô,
Xám,Nhỏ,Đen,28,Gãy,Xoăn,Dày,Rậm,Bẹt,
Nâu,Nhỏ,Đen,25,Thấp,Thẳng,Mỏng,Rậm,Dài,
Đen,Nhỏ,Nâu,21,Thấp,Thẳng,Vừa,Thưa,Dài,
Đen,Nhỏ,Nâu,16,Gãy,Thẳng,Dày,Thưa,Bẹt,
Đen,Nhỏ,Vàng,24,Gãy,Thẳng,Vừa,Rậm,Dô,
Đen,Vừa,Đen,28,Lỗ mũi to,Xoăn,Dày,Rậm,Bẹt,
Đen,Nhỏ,Nâu,31,Thấp,Thẳng,Vừa,Thưa,Dài,
Nâu,To,Đen,17,Lỗ mũi to,Xoăn,Vừa,Thưa,Bẹt,
Nâu,Nhỏ,Nâu,20,Lỗ mũi to,Xoăn,Vừa,Thưa,Dô,
Nâu,Vừa,Vàng,27,Cao,Thẳng,Mỏng,Rậm,Dô,
Nâu,To,Đen,19,Cao,Thẳng,Dày,Thưa,Dài,
Xám,Nhỏ,Nâu,30,Cao,Thẳng,Vừa,Thưa,Bẹt,
Nâu,Nhỏ,Nâu,25,Lỗ mũi to,Thẳng,Mỏng,Thưa,Dài,
Đen,To,Vàng,25,Thấp,Lượn sóng,Vừa,Rậm,Ngắn,
Nâu,Nhỏ,Nâu,31,Lỗ mũi to,Thẳng,Mỏng,Rậm,Dài,
Nâu,Vừa,Vàng,31,Cao,Xoăn,Mỏng,Rậm,Ngắn,
Nâu,To,Nâu,15,Thấp,Xoăn,Mỏng,Rậm,Bẹt,
Nâu,Nhỏ,Nâu,25,Lỗ mũi to,Thẳng,Mỏng,Thưa,Bẹt,
Nâu,To,Đen,22,Cao,Xoăn,Dày,Rậm,Bẹt,
Nâu,To,Nâu,31,Thấp,Xoăn,Dày,Thưa,Bẹt,
Lam,To,Nâu,25,Thấp,Lượn sóng,Mỏng,Rậm,Bẹt,
Nâu,To,Vàng,17,Gãy,Xoăn,Mỏng,Thưa,Dô,
Nâu,Nhỏ,Đen,26,Thấp,Xoăn,Vừa,Thưa,Dô,
Xám,To,Lam,23,Cao,Lượn sóng,Dày,Thưa,Dài,
Đen,To,Nâu,14,Lỗ mũi to,Thẳng,Mỏng,Thưa,Bẹt,
Đen,Nhỏ,Nâu,24,Cao,Xoăn,Mỏng,Thưa,Dô,
Đen,To,Nâu,19,Lỗ mũi to,Thẳng,Dày,Thưa,Dô,
Nâu,Vừa,Lam,21,Gãy,Xoăn,Vừa,Thưa,Bẹt,
Đen,To,Đen,30,Cao,Lượn sóng,Vừa,Rậm,Bẹt,
Nâu,To,Đen,15,Gãy,Thẳng,Vừa,Thưa,Dài,
Xám,Vừa,Nâu,18,Cao,Lượn sóng,Dày,Thưa,Dài,
Nâu,Nhỏ,Nâu,24,Thấp,Xoăn,Vừa,Thưa,Dài,
Nâu,Nhỏ,Nâu,22,Thấp,Xoăn,Vừa,Thưa,Dài,
Nâu,Nhỏ,Vàng,20,Thấp,Xoăn,Mỏng,Thưa,Dài,
Nâu,Vừa,Nâu,18,Thấp,Lượn sóng,Vừa,Rậm,Bẹt,
Lam,Nhỏ,Nâu,26,Thấp,Xoăn,Dày,Thưa,Ngắn,
Nâu,To,Nâu,20,Cao,Xoăn,Mỏng,Rậm,Bẹt,
Nâu,Nhỏ,Đen,20,Thấp,Xoăn,Dày,Rậm,Bẹt,
Nâu,To,Nâu,23,Gãy,Xoăn,Vừa,Thưa,Ngắn,
Đen,Nhỏ,Nâu,30,Cao,Xoăn,Dày,Thưa,Bẹt,
Xám,Nhỏ,Đen,19,Thấp,Xoăn,Vừa,Thưa,Bẹt,
Lam,To,Đen,18,Cao,Thẳng,Dày,Thưa,Bẹt,
Nâu,To,Nâu,26,Cao,Lượn sóng,Mỏng,Rậm,Bẹt,
Đen,Nhỏ,Đen,22,Gãy,Xoăn,Mỏng,Thưa,Bẹt,
Lam,To,Đen,19,Thấp,Xoăn,Vừa,Thưa,Dài,
Đen,To,Nâu,32,Gãy,Lượn sóng,Vừa,Rậm,Ngắn,
Đen,To,Đen,23,Cao,Thẳng,Vừa,Thưa,Dô,
Xám,Nhỏ,Nâu,20,Thấp,Xoăn,Mỏng,Thưa,Dô,
Xám,To,Vàng,23,Lỗ mũi to,Xoăn,Vừa,Thưa,Dài,
Nâu,To,Nâu,15,Thấp,Xoăn,Vừa,Rậm,Ngắn,
Đen,To,Đen,24,Thấp,Thẳng,Mỏng,Rậm,Dài,
Nâu,To,Đen,27,Gãy,Thẳng,Vừa,Rậm,Dài,
Đen,Vừa,Đỏ,19,Lỗ mũi to,Xoăn,Dày,Thưa,Dô,
Đen,Nhỏ,Đen,13,Cao,Lượn sóng,Mỏng,Thưa,Dài,
Xám,Nhỏ,Vàng,25,Cao,Thẳng,Dày,Thưa,Dô,
Nâu,Nhỏ,Nâu,32,Thấp,Thẳng,Vừa,Rậm,Bẹt,
Nâu,Nhỏ,Đen,32,Gãy,Xoăn,Vừa,Rậm,Bẹt,
Lam,To,Đen,21,Gãy,Thẳng,Mỏng,Thưa,Bẹt,
Nâu,To,Đen,22,Gãy,Thẳng,Mỏng,Thưa,Bẹt,
Nâu,To,Nâu,25,Cao,Lượn sóng,Vừa,Rậm,Dài,
Nâu,Nhỏ,Đen,22,Thấp,Xoăn,Vừa,Rậm,Dài,
Nâu,To,Đen,21,Cao,Thẳng,Vừa,Rậm,Dô,
Nâu,To,Nâu,23,Thấp,Lượn sóng,Dày,Rậm,Dô,
Nâu,Nhỏ,Vàng,22,Thấp,Thẳng,Mỏng,Rậm,Bẹt,
Đen,To,Vàng,9,Thấp,Xoăn,Dày,Rậm,Dài,
Nâu,Vừa,Đỏ,19,Thấp,Thẳng,Mỏng,Rậm,Dài,
Lam,Nhỏ,Đen,12,Thấp,Thẳng,Vừa,Rậm,Bẹt,
Nâu,Nhỏ,Đen,25,Gãy,Thẳng,Mỏng,Rậm,Dô,
Nâu,Nhỏ,Đen,22,Gãy,Thẳng,Vừa,Rậm,Dài,
Nâu,Nhỏ,Vàng,28,Cao,Xoăn,Dày,Rậm,Bẹt,
Đen,Vừa,Đỏ,24,Cao,Xoăn,Vừa,Thưa,Bẹt,
Nâu,To,Nâu,21,Thấp,Xoăn,Dày,Rậm,Dài,
Lam,To,Nâu,29,Thấp,Lượn sóng,Mỏng,Rậm,Bẹt,
Nâu,To,Nâu,28,Lỗ mũi to,Thẳng,Mỏng,Thưa,Dô,
Đen,Nhỏ,Đen,10,Lỗ mũi to,Thẳng,Vừa,Rậm,Dô,
Nâu,Nhỏ,Nâu,35,Thấp,Thẳng,Mỏng,Thưa,Bẹt,
Đen,Nhỏ,Nâu,25,Thấp,Xoăn,Vừa,Rậm,Bẹt,
Đen,To,Đen,25,Gãy,Xoăn,Vừa,Rậm,Dô,
Vàng,Nhỏ,Nâu,18,Lỗ mũi to,Thẳng,Vừa,Rậm,Dô,
Nâu,To,Đen,21,Cao,Lượn sóng,Mỏng,Thưa,Bẹt,
Nâu,Vừa,Vàng,31,Lỗ mũi to,Xoăn,Mỏng,Rậm,Bẹt,
Đen,To,Nâu,16,Lỗ mũi to,Lượn sóng,Vừa,Rậm,Bẹt,
Nâu,Nhỏ,Nâu,12,Cao,Lượn sóng,Mỏng,Rậm,Dài,
Nâu,Vừa,Nâu,15,Cao,Thẳng,Dày,Thưa,Dài,
Đen,To,Nâu,19,Gãy,Xoăn,Dày,Thưa,Dô,
Đen,To,Đen,17,Thấp,Xoăn,Vừa,Thưa,Dài,
Nâu,To,Đen,19,Lỗ mũi to,Xoăn,Vừa,Thưa,Dài,
Nâu,To,Nâu,23,Lỗ mũi to,Lượn sóng,Dày,Rậm,Bẹt,
Nâu,To,Đen,26,Thấp,Lượn sóng,Vừa,Thưa,Bẹt,
Nâu,Nhỏ,Đen,12,Cao,Xoăn,Mỏng,Thưa,Bẹt,
Nâu,Nhỏ,Đen,31,Lỗ mũi to,Lượn sóng,Vừa,Rậm,Bẹt,
Nâu,To,Đỏ,22,Thấp,Xoăn,Mỏng,Thưa,Dài,
Đen,Vừa,Nâu,27,Cao,Xoăn,Dày,Thưa,Ngắn,
Đen,Nhỏ,Nâu,22,Gãy,Xoăn,Mỏng,Thưa,Bẹt,
Đen,To,Đen,9,Gãy,Xoăn,Vừa,Rậm,Dài,
Nâu,Nhỏ,Đỏ,17,Lỗ mũi to,Xoăn,Dày,Thưa,Bẹt,
Lục,Nhỏ,Đen,12,Lỗ mũi to,Xoăn,Mỏng,Thưa,Dài,
Lam,Nhỏ,Đen,26,Cao,Xoăn,Mỏng,Rậm,Dô,
Nâu,To,Nâu,10,Thấp,Xoăn,Dày,Rậm,Dô,
Đen,To,Nâu,20,Lỗ mũi to,Xoăn,Dày,Rậm,Bẹt,
Đen,Nhỏ,Đen,20,Lỗ mũi to,Thẳng,Vừa,Thưa,Bẹt,
Nâu,To,Nâu,19,Thấp,Xoăn,Vừa,Thưa,Bẹt,
Nâu,To,Nâu,15,Lỗ mũi to,Xoăn,Dày,Rậm,Dô,
Đen,Vừa,Nâu,23,Thấp,Xoăn,Mỏng,Rậm,Bẹt,
Nâu,Nhỏ,Nâu,27,Thấp,Lượn sóng,Mỏng,Thưa,Dô,
Nâu,To,Đen,19,Thấp,Xoăn,Dày,Rậm,Bẹt,
Nâu,Nhỏ,Nâu,9,Gãy,Xoăn,Dày,Rậm,Dài,
Đen,Nhỏ,Nâu,31,Cao,Lượn sóng,Vừa,Thưa,Bẹt,
Đen,Nhỏ,Nâu,25,Thấp,Thẳng,Dày,Rậm,Dô,
Nâu,To,Vàng,21,Lỗ mũi to,Lượn sóng,Vừa,Thưa,Dô,
Nâu,Nhỏ,Đen,24,Thấp,Xoăn,Dày,Rậm,Bẹt,
Lam,To,Vàng,19,Thấp,Lượn sóng,Mỏng,Rậm,Bẹt,
Nâu,Nhỏ,Đen,22,Gãy,Xoăn,Vừa,Thưa,Ngắn,
Đen,Nhỏ,Nâu,27,Thấp,Xoăn,Vừa,Thưa,Dài,
Đen,Nhỏ,Vàng,19,Cao,Thẳng,Mỏng,Thưa,Ngắn,
Đen,To,Nâu,24,Cao,Thẳng,Vừa,Rậm,Bẹt,
Vàng,Nhỏ,Vàng,17,Thấp,Thẳng,Vừa,Thưa,Bẹt,
Đen,To,Nâu,25,Gãy,Lượn sóng,Vừa,Rậm,Dô,
Nâu,Nhỏ,Nâu,21,Thấp,Thẳng,Mỏng,Thưa,Ngắn,
Đen,Nhỏ,Đen,17,Thấp,Thẳng,Dày,Rậm,Ngắn,
Nâu,To,Nâu,19,Thấp,Thẳng,Dày,Thưa,Bẹt,
Đen,To,Nâu,22,Thấp,Lượn sóng,Vừa,Thưa,Bẹt,
Nâu,To,Đen,15,Gãy,Xoăn,Vừa,Thưa,Bẹt,
Lam,Nhỏ,Đen,21,Cao,Thẳng,Dày,Rậm,Bẹt,
Nâu,Vừa,Nâu,17,Gãy,Thẳng,Vừa,Rậm,Bẹt,
Đen,To,Đen,12,Gãy,Xoăn,Vừa,Rậm,Dài,
Đen,Vừa,Vàng,32,Gãy,Thẳng,Vừa,Rậm,Dài,
Đen,Nhỏ,Vàng,29,Cao,Thẳng,Vừa,Thưa,Dài,
Xám,Vừa,Nâu,20,Cao,Thẳng,Vừa,Thưa,Bẹt,
Đen,Nhỏ,Đen,21,Thấp,Xoăn,Vừa,Rậm,Bẹt,
Xám,To,Đen,21,Lỗ mũi to,Xoăn,Dày,Thưa,Dô,
Lam,Vừa,Vàng,24,Lỗ mũi to,Thẳng,Dày,Thưa,Bẹt,
Đen,Nhỏ,Nâu,26,Lỗ mũi to,Lượn sóng,Vừa,Rậm,Dài,
Nâu,To,Nâu,10,Thấp,Lượn sóng,Mỏng,Thưa,Dài,
Nâu,To,Đen,28,Cao,Thẳng,Dày,Thưa,Bẹt,
Nâu,Nhỏ,Đen,31,Thấp,Thẳng,Vừa,Thưa,Ngắn,
Nâu,Vừa,Vàng,30,Thấp,Thẳng,Mỏng,Rậm,Bẹt,
Đen,To,Đen,19,Lỗ mũi to,Xoăn,Dày,Thưa,Bẹt,
Lam,Nhỏ,Nâu,22,Thấp,Xoăn,Mỏng,Rậm,Dài,
Nâu,To,Nâu,18,Thấp,Lượn sóng,Dày,Thưa,Dài,
Nâu,To,Nâu,29,Lỗ mũi to,Thẳng,Mỏng,Rậm,Bẹt,
Nâu,To,Đen,24,Thấp,Xoăn,Mỏng,Rậm,Bẹt,
Nâu,Nhỏ,Nâu,26,Lỗ mũi to,Thẳng,Mỏng,Rậm,Ngắn,
Xám,Nhỏ,Nâu,14,Thấp,Thẳng,Dày,Rậm,Dô,
Đen,To,Đen,27,Gãy,Xoăn,Vừa,Rậm,Bẹt,
Đỏ,To,Nâu,30,Cao,Xoăn,Vừa,Rậm,Bẹt,
Lam,To,Đen,14,Thấp,Xoăn,Mỏng,Rậm,Bẹt,
Dị sấc,Nhỏ,Đen,28,Gãy,Thẳng,Mỏng,Rậm,Bẹt,
Đen,To,Đen,20,Thấp,Lượn sóng,Vừa,Thưa,Dài,
Lam,To,Nâu,17,Gãy,Lượn sóng,Mỏng,Thưa,Dô,
Đen,Vừa,Nâu,22,Lỗ mũi to,Lượn sóng,Vừa,Rậm,Dô,
Nâu,To,Vàng,19,Lỗ mũi to,Lượn sóng,Mỏng,Rậm,Dài,
Đen,To,Nâu,18,Cao,Lượn sóng,Dày,Rậm,Bẹt,
Nâu,To,Đen,11,Lỗ mũi to,Thẳng,Dày,Thưa,Dài,
Xám,To,Đen,21,Lỗ mũi to,Xoăn,Mỏng,Rậm,Bẹt,
Nâu,Nhỏ,Nâu,12,Thấp,Thẳng,Vừa,Thưa,Bẹt,
Đen,Vừa,Nâu,23,Lỗ mũi to,Thẳng,Dày,Rậm,Dô,
Nâu,To,Vàng,17,Lỗ mũi to,Lượn sóng,Vừa,Thưa,Bẹt,
Lam,To,Đen,27,Gãy,Lượn sóng,Dày,Thưa,Bẹt,
Xám,To,Nâu,20,Thấp,Xoăn,Mỏng,Thưa,Bẹt,
Đen,Nhỏ,Vàng,22,Thấp,Thẳng,Vừa,Rậm,Bẹt,
Đen,To,Đen,20,Cao,Lượn sóng,Vừa,Rậm,Bẹt,
Đen,Nhỏ,Lam,26,Lỗ mũi to,Thẳng,Vừa,Thưa,Ngắn,
Nâu,Nhỏ,Nâu,27,Thấp,Thẳng,Mỏng,Rậm,Bẹt,
Đen,To,Nâu,22,Lỗ mũi to,Lượn sóng,Dày,Thưa,Dài,
Đen,Nhỏ,Nâu,21,Cao,Xoăn,Dày,Rậm,Bẹt,
Nâu,To,Đen,28,Gãy,Lượn sóng,Vừa,Thưa,Bẹt,
Lam,Nhỏ,Đen,30,Lỗ mũi to,Thẳng,Vừa,Rậm,Dài,
Đen,To,Nâu,25,Cao,Xoăn,Mỏng,Rậm,Dài,
Đen,Nhỏ,Nâu,10,Cao,Xoăn,Mỏng,Thưa,Dô,
Nâu,Nhỏ,Nâu,25,Lỗ mũi to,Thẳng,Mỏng,Rậm,Bẹt,
Đen,To,Nâu,22,Lỗ mũi to,Xoăn,Dày,Rậm,Dài,
Lam,Vừa,Đen,26,Thấp,Xoăn,Mỏng,Rậm,Dài,
Nâu,Nhỏ,Nâu,19,Gãy,Lượn sóng,Mỏng,Rậm,Dô,
Xám,To,Vàng,24,Lỗ mũi to,Xoăn,Mỏng,Thưa,Dô,
Nâu,Vừa,Đen,29,Cao,Xoăn,Dày,Rậm,Bẹt,
Lam,To,Nâu,27,Gãy,Xoăn,Mỏng,Rậm,Bẹt,
Nâu,To,Nâu,30,Cao,Thẳng,Dày,Rậm,Ngắn,
Đen,To,Đen,18,Cao,Lượn sóng,Dày,Rậm,Dô,
Đen,To,Đỏ,29,Lỗ mũi to,Thẳng,Vừa,Thưa,Bẹt,
Lam,Vừa,Đen,33,Cao,Xoăn,Vừa,Rậm,Dài,
Lam,To,Đen,26,Thấp,Thẳng,Mỏng,Thưa,Dô,
Xám,To,Đen,21,Thấp,Thẳng,Vừa,Rậm,Dô,
Tím,To,Nâu,21,Thấp,Thẳng,Vừa,Rậm,Bẹt,
Đen,Nhỏ,Nâu,22,Cao,Xoăn,Dày,Rậm,Dài,
Đen,Nhỏ,Đen,28,Thấp,Xoăn,Vừa,Rậm,Bẹt,
Nâu,To,Nâu,18,Lỗ mũi to,Xoăn,Dày,Thưa,Bẹt,
Nâu,To,Nâu,17,Gãy,Lượn sóng,Dày,Thưa,Bẹt,
Đen,To,Đen,30,Thấp,Lượn sóng,Mỏng,Rậm,Bẹt,
Lam,To,Vàng,24,Lỗ mũi to,Thẳng,Vừa,Rậm,Bẹt,
Đen,Nhỏ,Nâu,21,Gãy,Xoăn,Dày,Thưa,Dài,
Nâu,Nhỏ,Nâu,30,Lỗ mũi to,Thẳng,Dày,Thưa,Bẹt,
Lam,To,Nâu,25,Lỗ mũi to,Thẳng,Vừa,Thưa,Dài,
Đen,To,Nâu,21,Lỗ mũi to,Thẳng,Vừa,Thưa,Ngắn,
Nâu,Nhỏ,Nâu,19,Lỗ mũi to,Thẳng,Vừa,Rậm,Bẹt,
Đen,Nhỏ,Vàng,6,Thấp,Xoăn,Dày,Thưa,Bẹt,
Đen,Nhỏ,Đen,30,Thấp,Thẳng,Dày,Thưa,Dài,
Đen,Nhỏ,Đen,34,Lỗ mũi to,Thẳng,Dày,Thưa,Dài,
Đen,Nhỏ,Đen,21,Gãy,Thẳng,Mỏng,Rậm,Dài,
Nâu,Nhỏ,Đen,25,Thấp,Xoăn,Mỏng,Thưa,Dài,
Đen,To,Đen,25,Thấp,Thẳng,Mỏng,Thưa,Dô,
Đen,To,Đen,16,Thấp,Xoăn,Vừa,Thưa,Dô,
Lam,Nhỏ,Nâu,21,Lỗ mũi to,Thẳng,Vừa,Thưa,Dô,
Đen,Nhỏ,Đen,27,Lỗ mũi to,Thẳng,Vừa,Rậm,Bẹt,
Nâu,To,Đen,23,Lỗ mũi to,Xoăn,Vừa,Thưa,Ngắn,
Nâu,Vừa,Đen,14,Thấp,Lượn sóng,Vừa,Thưa,Dô,
Nâu,To,Đen,24,Gãy,Thẳng,Mỏng,Rậm,Bẹt,
Đen,Nhỏ,Nâu,29,Thấp,Xoăn,Vừa,Thưa,Dài,
Xám,Nhỏ,Nâu,13,Lỗ mũi to,Xoăn,Mỏng,Thưa,Dô,
Đen,To,Đen,30,Thấp,Thẳng,Dày,Thưa,Bẹt,
Đen,Nhỏ,Nâu,6,Lỗ mũi to,Thẳng,Vừa,Rậm,Dài,
Xám,Nhỏ,Đen,26,Thấp,Xoăn,Vừa,Rậm,Dài,
Nâu,Nhỏ,Đen,19,Thấp,Xoăn,Vừa,Thưa,Bẹt,
Lam,To,Đen,26,Cao,Lượn sóng,Dày,Thưa,Dài,
Đen,To,Nâu,20,Cao,Lượn sóng,Dày,Rậm,Bẹt,
Xám,To,Nâu,12,Lỗ mũi to,Xoăn,Vừa,Rậm,Bẹt,
Đen,To,Vàng,12,Lỗ mũi to,Lượn sóng,Vừa,Rậm,Dô,
Xám,To,Nâu,26,Cao,Xoăn,Dày,Thưa,Dô,
Đen,To,Đen,18,Lỗ mũi to,Lượn sóng,Mỏng,Rậm,Ngắn,
Nâu,Nhỏ,Đen,24,Thấp,Xoăn,Vừa,Thưa,Bẹt,
Đen,Nhỏ,Nâu,27,Gãy,Lượn sóng,Dày,Thưa,Dô,1.0
Đen,To,Nâu,17,Lỗ mũi to,Lượn sóng,Vừa,Thưa,Bẹt,7.0
Đen,Nhỏ,Đen,19,Thấp,Thẳng,Dày,Thưa,Bẹt,4.0
Nâu,Nhỏ,Đen,30,Lỗ mũi to,Thẳng,Vừa,Thưa,Bẹt,2.0
Nâu,Nhỏ,Đen,24,Cao,Xoăn,Vừa,Rậm,Ngắn,1.0
Nâu,To,Vàng,18,Thấp,Xoăn,Mỏng,Thưa,Dài,5.0
Nâu,Nhỏ,Đen,27,Thấp,Thẳng,Vừa,Thưa,Dài,2.0
Đen,Nhỏ,Nâu,12,Thấp,Xoăn,Mỏng,Rậm,Bẹt,4.0
Nâu,To,Nâu,19,Cao,Lượn sóng,Vừa,Thưa,Dô,5.0
Đen,Nhỏ,Nâu,15,Thấp,Xoăn,Dày,Thưa,Dài,5.0
Nâu,Nhỏ,Nâu,21,Gãy,Thẳng,Dày,Thưa,Dô,5.0
Nâu,To,Đen,17,Lỗ mũi to,Xoăn,Vừa,Thưa,Bẹt,5.0
Lam,Nhỏ,Vàng,19,Cao,Xoăn,Vừa,Rậm,Bẹt,5.0
Đen,To,Đen,20,Thấp,Thẳng,Vừa,Rậm,Dài,5.0
Lam,To,Nâu,19,Lỗ mũi to,Xoăn,Dày,Rậm,Dài,5.0
Lam,Nhỏ,Nâu,27,Cao,Thẳng,Vừa,Thưa,Dài,2.0
Nâu,To,Đen,26,Gãy,Thẳng,Dày,Thưa,Bẹt,3.0
Nâu,Vừa,Nâu,29,Lỗ mũi to,Xoăn,Vừa,Thưa,Bẹt,2.0
Nâu,Nhỏ,Nâu,27,Lỗ mũi to,Xoăn,Mỏng,Thưa,Bẹt,3.0
Đỏ,To,Nâu,20,Cao,Thẳng,Dày,Thưa,Dài,5.0
Nâu,Nhỏ,Nâu,14,Lỗ mũi to,Thẳng,Vừa,Thưa,Bẹt,4.0
Vàng,Nhỏ,Nâu,16,Lỗ mũi to,Thẳng,Dày,Thưa,Bẹt,5.0
Nâu,Nhỏ,Nâu,8,Lỗ mũi to,Xoăn,Mỏng,Rậm,Bẹt,5.0
Nâu,Nhỏ,Đỏ,17,Gãy,Thẳng,Vừa,Thưa,Bẹt,5.0
Đen,To,Nâu,18,Gãy,Thẳng,Dày,Rậm,Dô,5.0
Nâu,Nhỏ,Nâu,25,Lỗ mũi to,Thẳng,Vừa,Rậm,Bẹt,1.0
Đen,To,Đỏ,27,Thấp,Xoăn,Vừa,Thưa,Bẹt,3.0
Nâu,Nhỏ,Đen,18,Thấp,Lượn sóng,Vừa,Rậm,Bẹt,4.0
Xám,Vừa,Nâu,26,Cao,Lượn sóng,Vừa,Rậm,Dô,1.0
Lam,Nhỏ,Đen,8,Cao,Thẳng,Dày,Thưa,Bẹt,5.0
Xám,To,Đen,14,Cao,Xoăn,Mỏng,Rậm,Dô,5.0
Đen,To,Đen,21,Lỗ mũi to,Xoăn,Mỏng,Thưa,Bẹt,5.0
Nâu,Nhỏ,Đen,22,Thấp,Thẳng,Dày,Rậm,Dô,5.0
Nâu,Nhỏ,Đen,9,Cao,Lượn sóng,Dày,Rậm,Ngắn,5.0
Vàng,To,Vàng,26,Gãy,Xoăn,Dày,Rậm,Bẹt,2.0
Nâu,To,Nâu,20,Lỗ mũi to,Xoăn,Dày,Rậm,Dài,5.0
Nâu,To,Đỏ,16,Cao,Xoăn,Dày,Thưa,Bẹt,5.0
Nâu,Vừa,Đen,20,Thấp,Thẳng,Mỏng,Thưa,Dô,5.0
Đen,Nhỏ,Đen,25,Lỗ mũi to,Lượn sóng,Dày,Thưa,Dài,2.0
Nâu,Vừa,Đen,29,Thấp,Xoăn,Vừa,Rậm,Bẹt,1.0
Nâu,Nhỏ,Nâu,21,Gãy,Thẳng,Dày,Thưa,Bẹt,5.0
Đen,Nhỏ,Đen,21,Thấp,Thẳng,Vừa,Thưa,Bẹt,5.0
Nâu,To,Đen,19,Lỗ mũi to,Lượn sóng,Vừa,Rậm,Bẹt,5.0
Nâu,To,Đen,24,Cao,Lượn sóng,Mỏng,Thưa,Dài,1.0
Đen,To,Đen,20,Thấp,Xoăn,Mỏng,Rậm,Bẹt,4.0
Lam,Nhỏ,Nâu,17,Lỗ mũi to,Xoăn,Vừa,Rậm,Dài,5.0
Nâu,To,Đen,20,Thấp,Xoăn,Vừa,Rậm,Bẹt,5.0
Đen,Nhỏ,Đen,20,Cao,Thẳng,Vừa,Thưa,Bẹt,4.0
Xám,Vừa,Đen,17,Gãy,Xoăn,Vừa,Thưa,Bẹt,5.0
Đen,To,Đen,14,Thấp,Thẳng,Mỏng,Rậm,Dô,4.0
Đen,Vừa,Đen,20,Cao,Thẳng,Vừa,Rậm,Dài,4.0
Nâu,Nhỏ,Đen,23,Thấp,Xoăn,Dày,Thưa,Dài,5.0
Đen,To,Nâu,25,Thấp,Xoăn,Vừa,Rậm,Dô,1.0
Lam,Vừa,Nâu,16,Thấp,Xoăn,Vừa,Rậm,Dô,5.0
Nâu,To,Đỏ,31,Lỗ mũi to,Xoăn,Dày,Thưa,Bẹt,1.0
Nâu,To,Nâu,26,Thấp,Lượn sóng,Vừa,Thưa,Dô,3.0
Lam,To,Nâu,22,Cao,Xoăn,Vừa,Rậm,Dài,4.0
Đen,To,Vàng,28,Cao,Xoăn,Dày,Thưa,Bẹt,2.0
Đen,Nhỏ,Nâu,19,Thấp,Thẳng,Mỏng,Thưa,Dài,4.0
Đen,To,Nâu,17,Lỗ mũi to,Lượn sóng,Vừa,Rậm,Bẹt,7.0
Đen,Nhỏ,Đen,24,Gãy,Thẳng,Vừa,Thưa,Dô,2.0
Nâu,To,Lam,31,Lỗ mũi to,Xoăn,Dày,Thưa,Dô,2.0
Nâu,Nhỏ,Đen,21,Lỗ mũi to,Xoăn,Vừa,Rậm,Ngắn,5.0
Nâu,Nhỏ,Đen,25,Lỗ mũi to,Xoăn,Vừa,Rậm,Ngắn,3.0
Đen,Nhỏ,Đen,28,Thấp,Thẳng,Vừa,Rậm,Dô,3.0
Lam,Vừa,Nâu,32,Gãy,Xoăn,Mỏng,Rậm,Dô,2.0
Nâu,Nhỏ,Nâu,14,Thấp,Xoăn,Vừa,Thưa,Dài,5.0
Đen,Nhỏ,Đen,31,Thấp,Lượn sóng,Mỏng,Thưa,Ngắn,2.0
Đen,Nhỏ,Nâu,17,Cao,Lượn sóng,Mỏng,Rậm,Dài,6.0
Đen,Nhỏ,Nâu,23,Thấp,Thẳng,Vừa,Thưa,Bẹt,5.0
Nâu,Nhỏ,Đen,12,Thấp,Lượn sóng,Dày,Rậm,Ngắn,4.0
Đen,Nhỏ,Vàng,23,Cao,Lượn sóng,Mỏng,Thưa,Dài,7.0
Đen,To,Nâu,28,Thấp,Lượn sóng,Mỏng,Rậm,Bẹt,1.0
Nâu,To,Nâu,21,Gãy,Lượn sóng,Dày,Thưa,Bẹt,4.0
Đen,To,Nâu,24,Lỗ mũi to,Lượn sóng,Vừa,Thưa,Dô,1.0
Đen,To,Vàng,22,Thấp,Thẳng,Mỏng,Rậm,Ngắn,5.0
Nâu,Nhỏ,Đen,27,Thấp,Lượn sóng,Mỏng,Rậm,Dô,3.0
Nâu,To,Đen,27,Cao,Thẳng,Vừa,Thưa,Bẹt,3.0
Đen,Nhỏ,Nâu,16,Gãy,Thẳng,Vừa,Thưa,Dô,4.0
Nâu,Nhỏ,Nâu,24,Cao,Lượn sóng,Dày,Thưa,Bẹt,3.0
Nâu,Nhỏ,Nâu,27,Lỗ mũi to,Xoăn,Dày,Thưa,Bẹt,1.0
Đen,To,Vàng,32,Thấp,Xoăn,Vừa,Rậm,Bẹt,1.0
Nâu,Vừa,Đen,30,Cao,Xoăn,Vừa,Rậm,Ngắn,3.0
Đen,Nhỏ,Đen,24,Thấp,Xoăn,Mỏng,Rậm,Bẹt,3.0
Đen,To,Nâu,26,Thấp,Xoăn,Vừa,Thưa,Dài,3.0
Vàng,To,Đen,14,Thấp,Thẳng,Mỏng,Thưa,Dô,5.0
Nâu,To,Đen,19,Lỗ mũi to,Lượn sóng,Dày,Thưa,Bẹt,5.0
Nâu,To,Vàng,23,Lỗ mũi to,Lượn sóng,Mỏng,Rậm,Dài,4.0
Nâu,To,Nâu,26,Thấp,Thẳng,Dày,Rậm,Dô,3.0
Nâu,To,Đen,12,Lỗ mũi to,Xoăn,Dày,Thưa,Dài,5.0
Vàng,Nhỏ,Nâu,17,Cao,Lượn sóng,Vừa,Thưa,Bẹt,5.0
Nâu,Nhỏ,Đen,26,Cao,Xoăn,Mỏng,Thưa,Dô,2.0
Đen,Nhỏ,Nâu,24,Cao,Lượn sóng,Vừa,Thưa,Dô,3.0
Xám,Vừa,Nâu,29,Cao,Thẳng,Mỏng,Thưa,Bẹt,3.0
Nâu,To,Đen,26,Thấp,Xoăn,Mỏng,Thưa,Bẹt,2.0
Nâu,Nhỏ,Vàng,31,Thấp,Thẳng,Dày,Thưa,Dô,1.0
Đen,To,Đen,20,Thấp,Thẳng,Dày,Rậm,Dô,5.0
Nâu,To,Đen,28,Cao,Lượn sóng,Mỏng,Rậm,Dô,3.0
Đen,Nhỏ,Đen,21,Gãy,Xoăn,Dày,Rậm,Bẹt,5.0
Nâu,Nhỏ,Nâu,19,Cao,Lượn sóng,Vừa,Rậm,Bẹt,5.0
Lam,Nhỏ,Đen,10,Thấp,Thẳng,Mỏng,Rậm,Dài,5.0
Đen,To,Đỏ,14,Thấp,Thẳng,Vừa,Thưa,Dô,5.0
Nâu,To,Đen,24,Lỗ mũi to,Thẳng,Mỏng,Thưa,Bẹt,1.0
Nâu,To,Nâu,23,Thấp,Thẳng,Mỏng,Rậm,Bẹt,5.0
Đen,To,Nâu,17,Thấp,Thẳng,Mỏng,Thưa,Dô,5.0
Lam,Nhỏ,Đen,19,Thấp,Xoăn,Vừa,Thưa,Bẹt,5.0
Nâu,Vừa,Nâu,25,Lỗ mũi to,Thẳng,Mỏng,Thưa,Dài,1.0
Nâu,To,Nâu,13,Thấp,Xoăn,Vừa,Thưa,Dài,4.0
Đen,Nhỏ,Nâu,24,Thấp,Thẳng,Dày,Thưa,Dô,3.0
Đen,Vừa,Đen,33,Cao,Thẳng,Mỏng,Rậm,Dài,2.0
Nâu,To,Nâu,28,Lỗ mũi to,Xoăn,Mỏng,Rậm,Ngắn,2.0
Nâu,To,Nâu,22,Gãy,Xoăn,Mỏng,Thưa,Bẹt,5.0
Nâu,Vừa,Nâu,27,Lỗ mũi to,Xoăn,Vừa,Thưa,Ngắn,2.0
Xám,To,Đen,17,Cao,Lượn sóng,Mỏng,Thưa,Dô,5.0
Lam,Vừa,Vàng,21,Thấp,Thẳng,Vừa,Rậm,Bẹt,5.0
Nâu,Nhỏ,Nâu,27,Thấp,Xoăn,Vừa,Thưa,Bẹt,3.0
Đen,To,Nâu,15,Cao,Xoăn,Mỏng,Rậm,Dài,4.0
Nâu,To,Vàng,28,Cao,Xoăn,Vừa,Thưa,Bẹt,1.0
Đen,Vừa,Nâu,16,Thấp,Lượn sóng,Dày,Rậm,Dô,6.0
Đen,Nhỏ,Đen,11,Thấp,Xoăn,Mỏng,Rậm,Ngắn,4.0
Đen,To,Vàng,31,Gãy,Thẳng,Mỏng,Thưa,Dô,1.0
Vàng,Vừa,Nâu,17,Lỗ mũi to,Xoăn,Vừa,Rậm,Bẹt,5.0
Nâu,To,Nâu,23,Cao,Thẳng,Vừa,Thưa,Ngắn,5.0
Đen,Nhỏ,Đen,28,Thấp,Thẳng,Vừa,Rậm,Bẹt,3.0
Nâu,Nhỏ,Nâu,32,Thấp,Thẳng,Dày,Rậm,Bẹt,2.0
Đen,Nhỏ,Nâu,25,Gãy,Xoăn,Vừa,Thưa,Bẹt,1.0
Nâu,To,Đen,28,Lỗ mũi to,Xoăn,Vừa,Rậm,Dô,3.0
Đen,Nhỏ,Nâu,26,Thấp,Xoăn,Dày,Thưa,Dài,2.0
Đen,Nhỏ,Đỏ,20,Gãy,Lượn sóng,Mỏng,Thưa,Dô,6.0
Vàng,Nhỏ,Nâu,22,Lỗ mũi to,Xoăn,Vừa,Rậm,Bẹt,5.0
Nâu,Vừa,Nâu,27,Thấp,Lượn sóng,Mỏng,Rậm,Ngắn,2.0
Đen,Vừa,Nâu,16,Thấp,Thẳng,Vừa,Thưa,Bẹt,5.0
Lam,Nhỏ,Đen,23,Lỗ mũi to,Xoăn,Vừa,Rậm,Dài,5.0
Nâu,To,Nâu,26,Thấp,Xoăn,Vừa,Rậm,Dài,3.0
Đen,To,Nâu,23,Lỗ mũi to,Lượn sóng,Dày,Thưa,Dô,7.0
Đen,Vừa,Đen,17,Lỗ mũi to,Thẳng,Mỏng,Thưa,Ngắn,4.0
Nâu,Vừa,Vàng,13,Lỗ mũi to,Thẳng,Vừa,Thưa,Bẹt,5.0
Đen,To,Đỏ,25,Cao,Lượn sóng,Dày,Thưa,Dài,1.0
Xám,Nhỏ,Nâu,28,Thấp,Lượn sóng,Vừa,Rậm,Dài,3.0
Lam,To,Vàng,15,Lỗ mũi to,Thẳng,Mỏng,Rậm,Ngắn,4.0
Lam,Nhỏ,Đen,27,Thấp,Xoăn,Dày,Rậm,Dô,2.0
Đen,To,Nâu,20,Lỗ mũi to,Xoăn,Mỏng,Thưa,Dô,4.0
Nâu,To,Nâu,25,Cao,Lượn sóng,Vừa,Thưa,Ngắn,3.0
Nâu,To,Đen,23,Lỗ mũi to,Xoăn,Mỏng,Rậm,Ngắn,5.0
Nâu,To,Nâu,26,Lỗ mũi to,Thẳng,Mỏng,Rậm,Dô,2.0
Nâu,To,Nâu,29,Thấp,Xoăn,Mỏng,Thưa,Dài,1.0
Lam,To,Nâu,29,Lỗ mũi to,Lượn sóng,Mỏng,Rậm,Bẹt,2.0
Nâu,Vừa,Nâu,19,Thấp,Thẳng,Dày,Rậm,Dô,5.0
Lam,Nhỏ,Đen,21,Lỗ mũi to,Lượn sóng,Vừa,Thưa,Bẹt,5.0
Nâu,Vừa,Đỏ,28,Cao,Thẳng,Mỏng,Thưa,Dài,3.0
Đen,Nhỏ,Nâu,30,Cao,Xoăn,Mỏng,Rậm,Ngắn,3.0
Nâu,To,Nâu,21,Lỗ mũi to,Xoăn,Mỏng,Rậm,Bẹt,4.0
Đen,To,Nâu,16,Gãy,Thẳng,Vừa,Thưa,Dô,5.0
Đen,Nhỏ,Đen,19,Thấp,Xoăn,Vừa,Thưa,Dô,4.0
Nâu,Nhỏ,Đen,15,Cao,Thẳng,Vừa,Thưa,Bẹt,5.0
Đen,Vừa,Nâu,30,Gãy,Xoăn,Vừa,Rậm,Ngắn,3.0
Xám,To,Đen,18,Thấp,Lượn sóng,Vừa,Thưa,Bẹt,4.0
Lam,Nhỏ,Đen,13,Thấp,Lượn sóng,Mỏng,Rậm,Dài,4.0
Đen,To,Nâu,17,Thấp,Thẳng,Vừa,Thưa,Dài,4.0
Đen,Nhỏ,Đỏ,14,Thấp,Thẳng,Vừa,Rậm,Ngắn,5.0
Đen,Nhỏ,Đen,21,Thấp,Xoăn,Vừa,Rậm,Dài,5.0
Đen,To,Đen,16,Lỗ mũi to,Thẳng,Dày,Rậm,Bẹt,5.0
Đen,To,Đen,22,Gãy,Thẳng,Vừa,Thưa,Bẹt,4.0
Đen,To,Đen,25,Thấp,Thẳng,Mỏng,Rậm,Bẹt,1.0
Nâu,Nhỏ,Đen,30,Lỗ mũi to,Xoăn,Vừa,Thưa,Bẹt,3.0
Đen,Nhỏ,Lam,20,Thấp,Xoăn,Mỏng,Thưa,Dô,5.0
Nâu,Nhỏ,Đen,17,Gãy,Xoăn,Dày,Rậm,Dô,5.0
Nâu,Vừa,Nâu,22,Thấp,Lượn sóng,Dày,Thưa,Dài,5.0
Lam,Nhỏ,Đen,17,Thấp,Xoăn,Vừa,Thưa,Dài,5.0
Đen,To,Vàng,20,Cao,Thẳng,Mỏng,Rậm,Dô,5.0
Nâu,To,Nâu,17,Thấp,Thẳng,Vừa,Rậm,Dài,5.0
Đen,Nhỏ,Nâu,27,Cao,Xoăn,Dày,Rậm,Bẹt,2.0
Nâu,To,Đen,34,Lỗ mũi to,Thẳng,Mỏng,Thưa,Ngắn,2.0
Nâu,Nhỏ,Đen,21,Gãy,Thẳng,Dày,Thưa,Dài,5.0
Xám,To,Nâu,39,Gãy,Thẳng,Dày,Thưa,Bẹt,1.0
Nâu,To,Nâu,37,Lỗ mũi to,Thẳng,Vừa,Thưa,Bẹt,3.0
Xám,To,Đen,24,Cao,Thẳng,Mỏng,Rậm,Bẹt,3.0
Nâu,To,Nâu,15,Gãy,Lượn sóng,Vừa,Rậm,Dô,4.0
Nâu,Nhỏ,Đen,29,Thấp,Thẳng,Mỏng,Rậm,Dài,3.0
Nâu,Nhỏ,Nâu,19,Thấp,Thẳng,Mỏng,Rậm,Bẹt,5.0
Vàng,Nhỏ,Đen,9,Cao,Thẳng,Vừa,Rậm,Bẹt,4.0
Nâu,To,Đen,20,Lỗ mũi to,Xoăn,Mỏng,Thưa,Dô,5.0
Đen,Nhỏ,Vàng,23,Lỗ mũi to,Thẳng,Vừa,Rậm,Dài,5.0
Đen,Vừa,Đen,14,Thấp,Lượn sóng,Vừa,Thưa,Dô,7.0
Đen,To,Vàng,13,Thấp,Xoăn,Vừa,Rậm,Dài,5.0
Đen,To,Nâu,10,Thấp,Thẳng,Mỏng,Rậm,Bẹt,5.0
Đen,Nhỏ,Nâu,31,Thấp,Lượn sóng,Mỏng,Rậm,Dô,1.0
Nâu,To,Nâu,6,Gãy,Thẳng,Vừa,Thưa,Dô,5.0
Đen,To,Nâu,25,Thấp,Lượn sóng,Dày,Rậm,Dô,1.0
Nâu,Nhỏ,Đen,19,Thấp,Xoăn,Dày,Thưa,Dô,5.0
Đen,To,Vàng,15,Cao,Xoăn,Dày,Thưa,Bẹt,5.0
Đen,Nhỏ,Vàng,24,Thấp,Lượn sóng,Dày,Thưa,Bẹt,1.0
Lam,To,Nâu,23,Gãy,Xoăn,Dày,Thưa,Bẹt,5.0
Nâu,Nhỏ,Nâu,23,Thấp,Lượn sóng,Mỏng,Thưa,Ngắn,5.0
Xám,To,Lam,20,Cao,Lượn sóng,Dày,Thưa,Dài,5.0
Nâu,Vừa,Đen,28,Lỗ mũi to,Xoăn,Dày,Rậm,Dài,1.0
Đen,Nhỏ,Nâu,27,Lỗ mũi to,Xoăn,Dày,Thưa,Ngắn,3.0
Đen,Vừa,Nâu,14,Gãy,Thẳng,Dày,Thưa,Ngắn,4.0
Nâu,To,Đen,17,Cao,Lượn sóng,Dày,Thưa,Dài,4.0
Đen,To,Nâu,18,Cao,Xoăn,Vừa,Rậm,Dô,4.0
Đen,Nhỏ,Nâu,31,Gãy,Lượn sóng,Dày,Thưa,Bẹt,3.0
Nâu,Nhỏ,Nâu,40,Cao,Thẳng,Mỏng,Thưa,Dài,2.0
Đen,To,Nâu,22,Lỗ mũi to,Xoăn,Vừa,Thưa,Bẹt,5.0
Nâu,To,Nâu,20,Thấp,Lượn sóng,Dày,Thưa,Bẹt,5.0
Đen,Nhỏ,Đen,19,Lỗ mũi to,Lượn sóng,Vừa,Thưa,Bẹt,7.0
Xám,To,Vàng,17,Gãy,Xoăn,Vừa,Thưa,Dô,5.0
Đen,Nhỏ,Đen,19,Cao,Thẳng,Mỏng,Thưa,Dài,5.0
Xám,Nhỏ,Nâu,28,Thấp,Xoăn,Vừa,Rậm,Dô,1.0
Đen,To,Đen,22,Cao,Lượn sóng,Mỏng,Rậm,Bẹt,7.0
Đen,Nhỏ,Vàng,25,Thấp,Xoăn,Dày,Rậm,Dài,3.0
Nâu,To,Nâu,15,Thấp,Xoăn,Dày,Thưa,Ngắn,4.0
Nâu,Nhỏ,Vàng,19,Lỗ mũi to,Xoăn,Dày,Rậm,Ngắn,5.0
Nâu,Nhỏ,Nâu,18,Cao,Xoăn,Vừa,Rậm,Dài,5.0
Đen,Nhỏ,Lam,27,Thấp,Thẳng,Vừa,Thưa,Dô,2.0
Đen,Nhỏ,Đen,23,Lỗ mũi to,Thẳng,Mỏng,Thưa,Bẹt,5.0
Lam,Nhỏ,Nâu,31,Thấp,Xoăn,Vừa,Rậm,Ngắn,2.0
Nâu,To,Nâu,17,Cao,Xoăn,Vừa,Thưa,Bẹt,5.0
Nâu,Nhỏ,Nâu,14,Thấp,Thẳng,Vừa,Thưa,Bẹt,5.0
Vàng,Nhỏ,Nâu,29,Thấp,Xoăn,Vừa,Rậm,Ngắn,1.0
Vàng,To,Vàng,6,Thấp,Thẳng,Dày,Thưa,Dô,4.0
Lam,Nhỏ,Nâu,25,Cao,Xoăn,Dày,Rậm,Bẹt,1.0
Lam,Nhỏ,Đen,29,Thấp,Xoăn,Dày,Rậm,Dô,1.0
Lam,Nhỏ,Nâu,14,Lỗ mũi to,Thẳng,Dày,Rậm,Ngắn,5.0
Nâu,Nhỏ,Vàng,26,Gãy,Xoăn,Vừa,Rậm,Dài,2.0
Nâu,Nhỏ,Đen,12,Cao,Thẳng,Dày,Thưa,Dô,5.0
Đen,Nhỏ,Đen,23,Lỗ mũi to,Xoăn,Mỏng,Rậm,Dài,5.0
Lam,Vừa,Đen,13,Cao,Lượn sóng,Vừa,Rậm,Bẹt,5.0
Nâu,Nhỏ,Đen,14,Lỗ mũi to,Xoăn,Dày,Rậm,Dài,4.0
Nâu,Nhỏ,Nâu,21,Gãy,Thẳng,Vừa,Rậm,Bẹt,5.0
Nâu,To,Đen,20,Lỗ mũi to,Xoăn,Vừa,Thưa,Bẹt,5.0
Đen,Nhỏ,Đen,27,Gãy,Thẳng,Dày,Rậm,Bẹt,2.0
Lam,Vừa,Nâu,24,Cao,Lượn sóng,Dày,Thưa,Dô,3.0
Xám,Nhỏ,Đen,28,Lỗ mũi to,Thẳng,Dày,Thưa,Ngắn,1.0
Đen,Nhỏ,Đen,24,Gãy,Thẳng,Vừa,Rậm,Dô,1.0
Đen,Nhỏ,Nâu,16,Gãy,Xoăn,Vừa,Thưa,Bẹt,5.0
Nâu,Nhỏ,Nâu,28,Gãy,Xoăn,Mỏng,Thưa,Ngắn,1.0
Nâu,Nhỏ,Nâu,22,Cao,Thẳng,Vừa,Rậm,Bẹt,5.0
Nâu,To,Nâu,24,Cao,Lượn sóng,Dày,Thưa,Dô,2.0
Đen,To,Đen,17,Cao,Xoăn,Vừa,Thưa,Dô,5.0
Đen,Nhỏ,Đỏ,20,Cao,Xoăn,Mỏng,Rậm,Dô,5.0
Nâu,To,Vàng,25,Thấp,Xoăn,Vừa,Rậm,Dài,2.0
Đen,To,Đen,22,Thấp,Lượn sóng,Dày,Thưa,Bẹt,6.0
Nâu,To,Đỏ,16,Thấp,Xoăn,Mỏng,Thưa,Bẹt,5.0
Vàng,To,Đen,15,Cao,Thẳng,Mỏng,Thưa,Dài,5.0
Đen,Nhỏ,Nâu,15,Thấp,Xoăn,Mỏng,Rậm,Ngắn,4.0
Lam,Nhỏ,Vàng,23,Gãy,Xoăn,Dày,Rậm,Dô,5.0
Xám,To,Đen,30,Thấp,Lượn sóng,Dày,Thưa,Dô,2.0
Nâu,Nhỏ,Đen,23,Lỗ mũi to,Xoăn,Mỏng,Thưa,Dô,4.0
Nâu,To,Nâu,20,Cao,Lượn sóng,Dày,Thưa,Bẹt,5.0
Nâu,Nhỏ,Nâu,35,Lỗ mũi to,Thẳng,Dày,Rậm,Bẹt,1.0
Nâu,Nhỏ,Nâu,22,Cao,Xoăn,Vừa,Thưa,Dài,5.0
Nâu,To,Nâu,20,Thấp,Xoăn,Vừa,Rậm,Bẹt,5.0
Nâu,Nhỏ,Nâu,8,Gãy,Lượn sóng,Dày,Rậm,Dô,5.0
Đen,Nhỏ,Vàng,17,Lỗ mũi to,Thẳng,Mỏng,Thưa,Bẹt,5.0
Đen,Nhỏ,Nâu,22,Thấp,Lượn sóng,Vừa,Thưa,Ngắn,6.0
Đen,To,Nâu,30,Cao,Xoăn,Mỏng,Thưa,Dài,3.0
Đen,Nhỏ,Nâu,27,Cao,Lượn sóng,Dày,Thưa,Bẹt,2.0
Xám,To,Nâu,21,Cao,Xoăn,Mỏng,Rậm,Dài,5.0
Vàng,Vừa,Nâu,14,Thấp,Thẳng,Vừa,Rậm,Dô,5.0
Đen,Nhỏ,Đen,20,Cao,Xoăn,Vừa,Thưa,Ngắn,5.0
Đen,Nhỏ,Đen,13,Cao,Lượn sóng,Mỏng,Rậm,Bẹt,6.0
Đen,Nhỏ,Nâu,13,Cao,Lượn sóng,Vừa,Rậm,Bẹt,7.0
Đen,Nhỏ,Đỏ,17,Cao,Thẳng,Mỏng,Rậm,Bẹt,4.0
Lam,To,Đen,22,Cao,Lượn sóng,Mỏng,Rậm,Dài,5.0
Nâu,To,Đen,25,Cao,Xoăn,Mỏng,Rậm,Bẹt,1.0
Vàng,Vừa,Nâu,33,Thấp,Xoăn,Mỏng,Thưa,Bẹt,2.0
Đen,To,Nâu,26,Gãy,Lượn sóng,Vừa,Rậm,Dài,1.0
Đen,Nhỏ,Đen,22,Thấp,Thẳng,Mỏng,Thưa,Bẹt,4.0
Nâu,To,Đen,22,Cao,Xoăn,Dày,Rậm,Dài,4.0
Nâu,Nhỏ,Đen,17,Lỗ mũi to,Lượn sóng,Dày,Rậm,Dô,5.0
Đen,Nhỏ,Đen,15,Cao,Thẳng,Mỏng,Thưa,Dô,5.0
Vàng,To,Đen,18,Lỗ mũi to,Lượn sóng,Dày,Thưa,Bẹt,5.0
Lam,Nhỏ,Nâu,23,Thấp,Lượn sóng,Mỏng,Rậm,Dài,5.0
Nâu,Nhỏ,Đen,10,Cao,Thẳng,Vừa,Thưa,Bẹt,4.0
Đen,Vừa,Đen,20,Thấp,Xoăn,Dày,Rậm,Bẹt,5.0
Nâu,Nhỏ,Nâu,23,Cao,Thẳng,Mỏng,Rậm,Dô,5.0
Nâu,Nhỏ,Nâu,23,Thấp,Lượn sóng,Mỏng,Rậm,Bẹt,5.0
Đen,Nhỏ,Đen,23,Gãy,Lượn sóng,Vừa,Thưa,Bẹt,6.0
Nâu,To,Nâu,30,Gãy,Thẳng,Mỏng,Thưa,Dài,2.0
Nâu,To,Nâu,20,Lỗ mũi to,Thẳng,Dày,Rậm,Dô,5.0
Nâu,Nhỏ,Đen,14,Thấp,Xoăn,Vừa,Thưa,Dài,5.0
Nâu,Vừa,Vàng,13,Thấp,Xoăn,Dày,Rậm,Bẹt,5.0
Đen,Nhỏ,Nâu,20,Cao,Thẳng,Dày,Thưa,Ngắn,4.0
Nâu,Nhỏ,Đen,9,Thấp,Xoăn,Vừa,Thưa,Dài,5.0
Nâu,Vừa,Vàng,23,Thấp,Lượn sóng,Mỏng,Rậm,Dô,4.0
Đen,Nhỏ,Đen,15,Cao,Thẳng,Mỏng,Thưa,Dài,5.0
Nâu,Nhỏ,Vàng,31,Lỗ mũi to,Xoăn,Mỏng,Rậm,Dô,2.0
Nâu,Nhỏ,Đen,24,Cao,Xoăn,Mỏng,Rậm,Ngắn,2.0
Đen,Nhỏ,Nâu,11,Thấp,Thẳng,Mỏng,Thưa,Dô,4.0
Đen,To,Nâu,21,Gãy,Thẳng,Vừa,Thưa,Bẹt,5.0
Đen,To,Nâu,29,Thấp,Xoăn,Vừa,Thưa,Dài,3.0
Đen,To,Đen,29,Lỗ mũi to,Xoăn,Dày,Rậm,Bẹt,2.0
Đen,Vừa,Nâu,16,Cao,Lượn sóng,Dày,Rậm,Ngắn,6.0
Nâu,Nhỏ,Đen,14,Cao,Lượn sóng,Vừa,Rậm,Bẹt,5.0
Nâu,Nhỏ,Nâu,12,Thấp,Thẳng,Dày,Rậm,Ngắn,5.0
Đen,To,Nâu,27,Thấp,Xoăn,Dày,Thưa,Dài,2.0
Đen,Vừa,Nâu,34,Thấp,Xoăn,Mỏng,Rậm,Dài,2.0
Vàng,To,Nâu,20,Cao,Thẳng,Dày,Thưa,Dô,5.0
Đen,To,Đen,21,Gãy,Xoăn,Vừa,Thưa,Ngắn,5.0
Xám,Nhỏ,Nâu,24,Gãy,Thẳng,Vừa,Thưa,Dô,1.0
Lam,Nhỏ,Đen,22,Cao,Lượn sóng,Dày,Thưa,Bẹt,5.0
Nâu,Nhỏ,Nâu,20,Gãy,Xoăn,Dày,Thưa,Dô,5.0
Nâu,To,Đen,11,Gãy,Lượn sóng,Mỏng,Thưa,Dô,5.0
Xám,To,Đen,27,Thấp,Thẳng,Vừa,Thưa,Dài,2.0
Đen,Nhỏ,Nâu,24,Thấp,Thẳng,Mỏng,Rậm,Dài,1.0
Đen,Nhỏ,Đen,24,Cao,Thẳng,Mỏng,Rậm,Dô,2.0
Đen,Nhỏ,Nâu,25,Lỗ mũi to,Lượn sóng,Vừa,Rậm,Bẹt,1.0
Xám,Nhỏ,Nâu,21,Lỗ mũi to,Thẳng,Mỏng,Rậm,Dài,4.0
Nâu,Nhỏ,Đen,19,Cao,Xoăn,Mỏng,Thưa,Dài,5.0
Nâu,To,Nâu,16,Gãy,Thẳng,Mỏng,Rậm,Dài,5.0
Nâu,To,Đen,24,Cao,Thẳng,Vừa,Rậm,Ngắn,1.0
Đen,Vừa,Đen,19,Cao,Lượn sóng,Dày,Rậm,Dài,7.0
Đen,Nhỏ,Vàng,34,Gãy,Xoăn,Vừa,Rậm,Bẹt,1.0
Nâu,Nhỏ,Vàng,26,Thấp,Xoăn,Mỏng,Rậm,Bẹt,3.0
Đen,To,Lam,20,Gãy,Xoăn,Mỏng,Rậm,Bẹt,4.0
Lam,To,Nâu,21,Thấp,Thẳng,Dày,Rậm,Ngắn,5.0
Nâu,To,Đỏ,17,Thấp,Xoăn,Dày,Thưa,Dài,5.0
Nâu,Vừa,Nâu,14,Cao,Lượn sóng,Mỏng,Rậm,Dài,4.0
Đen,To,Đen,25,Thấp,Xoăn,Vừa,Rậm,Dài,3.0
Đen,To,Nâu,26,Thấp,Xoăn,Vừa,Rậm,Ngắn,3.0
Đen,To,Đen,21,Thấp,Thẳng,Vừa,Thưa,Bẹt,4.0
Lam,To,Nâu,20,Thấp,Xoăn,Vừa,Rậm,Dài,5.0
Nâu,To,Nâu,18,Lỗ mũi to,Thẳng,Mỏng,Rậm,Bẹt,5.0
Xám,Vừa,Đen,16,Cao,Thẳng,Dày,Rậm,Dài,4.0
Đen,Nhỏ,Nâu,12,Gãy,Lượn sóng,Mỏng,Thưa,Ngắn,6.0
Nâu,Vừa,Nâu,11,Thấp,Lượn sóng,Vừa,Rậm,Dài,5.0
Đen,Vừa,Nâu,16,Thấp,Xoăn,Mỏng,Rậm,Dô,4.0
Nâu,To,Đen,13,Thấp,Thẳng,Vừa,Rậm,Bẹt,5.0
Nâu,To,Đen,23,Thấp,Xoăn,Mỏng,Thưa,Dài,4.0
Nâu,To,Đen,20,Lỗ mũi to,Xoăn,Vừa,Thưa,Bẹt,4.0
Nâu,Nhỏ,Nâu,19,Thấp,Xoăn,Dày,Thưa,Dô,5.0
Nâu,Nhỏ,Nâu,26,Thấp,Thẳng,Vừa,Rậm,Bẹt,3.0
Nâu,Nhỏ,Đen,20,Thấp,Thẳng,Dày,Thưa,Ngắn,5.0
Lam,To,Đen,16,Gãy,Lượn sóng,Mỏng,Thưa,Dài,5.0
Nâu,Vừa,Nâu,21,Lỗ mũi to,Thẳng,Dày,Rậm,Bẹt,5.0
Lam,Vừa,Nâu,24,Gãy,Lượn sóng,Vừa,Rậm,Dài,1.0
Đen,Nhỏ,Nâu,25,Thấp,Thẳng,Dày,Rậm,Dô,1.0
Nâu,Nhỏ,Nâu,29,Thấp,Thẳng,Dày,Thưa,Bẹt,2.0
Đen,To,Đen,19,Lỗ mũi to,Xoăn,Dày,Thưa,Ngắn,5.0
Nâu,Vừa,Nâu,24,Cao,Thẳng,Mỏng,Rậm,Dài,3.0
Nâu,Nhỏ,Đen,25,Cao,Xoăn,Mỏng,Rậm,Dô,3.0
Đen,Vừa,Đen,2,Thấp,Thẳng,Vừa,Rậm,Ngắn,5.0
Đen,To,Vàng,26,Thấp,Lượn sóng,Vừa,Thưa,Bẹt,1.0
Nâu,To,Đen,20,Thấp,Xoăn,Mỏng,Thưa,Bẹt,5.0
Lam,Nhỏ,Đen,15,Thấp,Thẳng,Vừa,Rậm,Dô,5.0
Đen,Nhỏ,Đen,18,Thấp,Lượn sóng,Dày,Thưa,Ngắn,7.0
Đen,To,Đen,15,Thấp,Xoăn,Mỏng,Rậm,Dài,4.0
Nâu,To,Đỏ,22,Cao,Lượn sóng,Dày,Rậm,Dô,4.0
Đen,Nhỏ,Đen,19,Gãy,Thẳng,Vừa,Rậm,Bẹt,4.0
Nâu,Nhỏ,Vàng,15,Gãy,Xoăn,Vừa,Rậm,Dô,5.0
Lam,To,Đen,14,Thấp,Thẳng,Mỏng,Rậm,Ngắn,5.0
Xám,To,Đen,19,Cao,Xoăn,Mỏng,Rậm,Dài,4.0
Đen,To,Vàng,5,Thấp,Thẳng,Mỏng,Rậm,Bẹt,4.0
Lam,Nhỏ,Nâu,16,Thấp,Xoăn,Mỏng,Thưa,Ngắn,5.0
Nâu,To,Nâu,13,Lỗ mũi to,Lượn sóng,Mỏng,Thưa,Bẹt,5.0
Đen,To,Vàng,36,Thấp,Xoăn,Mỏng,Rậm,Dô,3.0
Xám,To,Đen,21,Lỗ mũi to,Thẳng,Vừa,Rậm,Dài,5.0
Vàng,Nhỏ,Đỏ,26,Cao,Lượn sóng,Vừa,Thưa,Bẹt,2.0
Xám,Nhỏ,Nâu,26,Lỗ mũi to,Thẳng,Mỏng,Rậm,Dài,1.0
Nâu,To,Đen,20,Lỗ mũi to,Xoăn,Dày,Thưa,Dô,4.0
Nâu,To,Đen,27,Gãy,Lượn sóng,Mỏng,Thưa,Dô,1.0
Nâu,Nhỏ,Đen,12,Thấp,Lượn sóng,Vừa,Thưa,Bẹt,5.0
Đen,To,Nâu,22,Thấp,Thẳng,Mỏng,Thưa,Dô,4.0
Nâu,To,Nâu,37,Lỗ mũi to,Thẳng,Dày,Thưa,Bẹt,1.0
Nâu,To,Nâu,25,Thấp,Thẳng,Vừa,Rậm,Bẹt,1.0
Nâu,Nhỏ,Đen,24,Thấp,Thẳng,Dày,Thưa,Dô,2.0
Xám,Nhỏ,Nâu,24,Cao,Lượn sóng,Mỏng,Thưa,Dài,2.0
Nâu,To,Nâu,28,Cao,Xoăn,Vừa,Thưa,Dô,3.0
Nâu,Nhỏ,Nâu,19,Thấp,Thẳng,Mỏng,Rậm,Dài,5.0
Nâu,To,Đen,33,Lỗ mũi to,Xoăn,Mỏng,Rậm,Dài,1.0
Nâu,Nhỏ,Nâu,23,Thấp,Lượn sóng,Vừa,Rậm,Ngắn,5.0
Nâu,To,Vàng,20,Thấp,Thẳng,Vừa,Thưa,Ngắn,5.0
Vàng,Nhỏ,Đen,20,Lỗ mũi to,Xoăn,Dày,Rậm,Bẹt,5.0
Lam,Nhỏ,Nâu,19,Lỗ mũi to,Thẳng,Vừa,Thưa,Dài,5.0
Nâu,Nhỏ,Nâu,16,Cao,Xoăn,Vừa,Thưa,Dài,5.0
Nâu,Vừa,Đen,14,Thấp,Lượn sóng,Dày,Rậm,Dô,5.0
Đen,To,Đen,10,Gãy,Xoăn,Vừa,Thưa,Bẹt,5.0
Xám,Nhỏ,Nâu,20,Gãy,Lượn sóng,Vừa,Thưa,Bẹt,5.0
Đen,Nhỏ,Đen,24,Lỗ mũi to,Xoăn,Dày,Thưa,Bẹt,1.0
Nâu,Nhỏ,Đen,24,Thấp,Lượn sóng,Mỏng,Thưa,Dô,3.0
Nâu,To,Đen,20,Lỗ mũi to,Lượn sóng,Vừa,Thưa,Bẹt,4.0
Xám,Nhỏ,Nâu,15,Lỗ mũi to,Thẳng,Mỏng,Rậm,Dài,5.0
Nâu,Nhỏ,Nâu,24,Thấp,Thẳng,Vừa,Thưa,Bẹt,1.0
Đen,Nhỏ,Nâu,19,Thấp,Lượn sóng,Mỏng,Thưa,Bẹt,7.0
Đen,Nhỏ,Nâu,19,Thấp,Xoăn,Mỏng,Thưa,Ngắn,4.0
Lam,To,Nâu,20,Lỗ mũi to,Thẳng,Mỏng,Rậm,Dài,5.0
Nâu,To,Đen,25,Cao,Xoăn,Vừa,Rậm,Bẹt,3.0
Đen,To,Nâu,19,Cao,Lượn sóng,Mỏng,Thưa,Dài,6.0
Đen,To,Đen,28,Lỗ mũi to,Xoăn,Mỏng,Rậm,Ngắn,2.0
Đen,Nhỏ,Vàng,25,Gãy,Xoăn,Dày,Thưa,Dô,2.0
Lam,Vừa,Nâu,19,Lỗ mũi to,Thẳng,Vừa,Rậm,Dài,5.0
Nâu,To,Nâu,20,Gãy,Thẳng,Vừa,Rậm,Bẹt,5.0
Nâu,To,Vàng,34,Thấp,Xoăn,Vừa,Rậm,Bẹt,2.0
Lam,To,Đen,33,Cao,Xoăn,Vừa,Thưa,Bẹt,3.0
Đen,To,Đen,28,Lỗ mũi to,Thẳng,Vừa,Thưa,Bẹt,1.0
Nâu,Vừa,Đỏ,10,Lỗ mũi to,Lượn sóng,Vừa,Rậm,Dài,5.0
Lam,To,Đỏ,18,Cao,Lượn sóng,Vừa,Rậm,Bẹt,5.0
Nâu,To,Nâu,25,Thấp,Thẳng,Mỏng,Thưa,Dô,3.0
Nâu,To,Đen,33,Thấp,Xoăn,Mỏng,Rậm,Dài,3.0
Đen,Nhỏ,Nâu,19,Thấp,Xoăn,Vừa,Thưa,Dô,5.0
Vàng,To,Nâu,27,Gãy,Thẳng,Mỏng,Thưa,Dài,1.0
Đen,Nhỏ,Đen,24,Lỗ mũi to,Xoăn,Mỏng,Thưa,Bẹt,
Lam,To,Nâu,16,Lỗ mũi to,Thẳng,Mỏng,Thưa,Bẹt,
Nâu,To,Nâu,17,Gãy,Xoăn,Vừa,Rậm,Dô,
Nâu,Nhỏ,Đen,19,Gãy,Xoăn,Mỏng,Thưa,Dài,
Lam,Nhỏ,Đen,27,Cao,Lượn sóng,Mỏng,Rậm,Dài,
Nâu,To,Đen,22,Thấp,Thẳng,Vừa,Thưa,Dài,
Nâu,Nhỏ,Nâu,24,Thấp,Xoăn,Dày,Rậm,Ngắn,
Nâu,Nhỏ,Đen,33,Thấp,Thẳng,Vừa,Rậm,Bẹt,
Lam,To,Đen,17,Cao,Xoăn,Dày,Thưa,Dài,
Đen,To,Nâu,25,Thấp,Thẳng,Mỏng,Thưa,Ngắn,
Đen,To,Nâu,24,Thấp,Xoăn,Vừa,Thưa,Dài,
Đen,To,Nâu,12,Thấp,Xoăn,Vừa,Rậm,Dài,
Nâu,To,Vàng,23,Thấp,Xoăn,Dày,Thưa,Ngắn,
Nâu,Nhỏ,Đen,30,Lỗ mũi to,Xoăn,Mỏng,Thưa,Ngắn,
Đen,Nhỏ,Nâu,21,Cao,Xoăn,Vừa,Rậm,Dài,
Vàng,To,Nâu,6,Cao,Thẳng,Mỏng,Thưa,Bẹt,
Nâu,To,Nâu,23,Thấp,Thẳng,Mỏng,Rậm,Dô,
Xám,Nhỏ,Nâu,19,Cao,Lượn sóng,Dày,Thưa,Dô,
Nâu,Nhỏ,Vàng,23,Thấp,Xoăn,Vừa,Thưa,Dài,
Đen,To,Đen,25,Thấp,Xoăn,Vừa,Rậm,Dô,
Xám,To,Đen,16,Lỗ mũi to,Xoăn,Mỏng,Rậm,Dô,
Đen,To,Đen,11,Cao,Lượn sóng,Mỏng,Thưa,Bẹt,
Đen,To,Nâu,13,Gãy,Thẳng,Mỏng,Rậm,Bẹt,
Đen,To,Đen,29,Thấp,Thẳng,Mỏng,Rậm,Bẹt,
Đen,Nhỏ,Vàng,15,Cao,Lượn sóng,Dày,Rậm,Ngắn,
Nâu,Nhỏ,Đen,28,Thấp,Xoăn,Mỏng,Thưa,Dô,
Đen,To,Đen,12,Gãy,Lượn sóng,Vừa,Thưa,Dài,
Đen,Nhỏ,Vàng,23,Thấp,Thẳng,Dày,Rậm,Bẹt,
Đen,To,Nâu,21,Lỗ mũi to,Xoăn,Dày,Thưa,Dài,
Lam,Nhỏ,Đen,24,Cao,Xoăn,Vừa,Thưa,Dô,
Xám,Vừa,Nâu,17,Gãy,Thẳng,Vừa,Thưa,Bẹt,
Nâu,Nhỏ,Đen,24,Gãy,Thẳng,Mỏng,Rậm,Ngắn,
Nâu,To,Nâu,24,Thấp,Thẳng,Mỏng,Rậm,Dô,
Đen,To,Đen,25,Cao,Lượn sóng,Mỏng,Thưa,Dô,
Nâu,To,Nâu,17,Cao,Xoăn,Mỏng,Thưa,Bẹt,
Đen,To,Đen,20,Thấp,Xoăn,Mỏng,Rậm,Ngắn,
Đen,To,Đen,20,Cao,Thẳng,Vừa,Rậm,Bẹt,
Đen,Nhỏ,Đen,21,Thấp,Xoăn,Mỏng,Rậm,Bẹt,
Lam,To,Nâu,20,Thấp,Xoăn,Vừa,Thưa,Dô,
Nâu,To,Đen,20,Thấp,Thẳng,Dày,Thưa,Dài,
Lam,Nhỏ,Nâu,14,Gãy,Xoăn,Vừa,Thưa,Bẹt,
Nâu,Vừa,Nâu,18,Cao,Xoăn,Mỏng,Rậm,Bẹt,
Nâu,To,Nâu,26,Cao,Xoăn,Mỏng,Rậm,Bẹt,
Nâu,To,Đen,17,Lỗ mũi to,Thẳng,Vừa,Rậm,Dô,
Lam,Nhỏ,Nâu,25,Thấp,Xoăn,Mỏng,Thưa,Bẹt,
Đen,To,Nâu,30,Thấp,Xoăn,Vừa,Thưa,Bẹt,
Đen,Vừa,Nâu,24,Cao,Thẳng,Dày,Thưa,Bẹt,
Đen,Nhỏ,Nâu,23,Thấp,Thẳng,Mỏng,Rậm,Bẹt,
Nâu,To,Nâu,17,Thấp,Xoăn,Vừa,Thưa,Dài,
Lam,To,Đen,1,Thấp,Thẳng,Mỏng,Thưa,Dài,
Đen,To,Đen,25,Lỗ mũi to,Xoăn,Vừa,Thưa,Ngắn,
Đen,To,Nâu,21,Cao,Thẳng,Dày,Rậm,Bẹt,
Nâu,Nhỏ,Đen,27,Gãy,Thẳng,Dày,Rậm,Dô,
Đen,To,Đen,16,Gãy,Xoăn,Dày,Rậm,Bẹt,
Xám,To,Nâu,26,Thấp,Thẳng,Mỏng,Rậm,Bẹt,
Đen,Nhỏ,Nâu,17,Lỗ mũi to,Thẳng,Vừa,Rậm,Bẹt,
Nâu,To,Nâu,21,Thấp,Thẳng,Dày,Rậm,Bẹt,
Nâu,Nhỏ,Đen,10,Cao,Xoăn,Mỏng,Rậm,Bẹt,
Đen,Nhỏ,Đen,22,Cao,Xoăn,Vừa,Thưa,Dô,
Đen,Nhỏ,Đen,25,Thấp,Thẳng,Mỏng,Rậm,Bẹt,
Đen,Nhỏ,Nâu,9,Lỗ mũi to,Thẳng,Dày,Thưa,Dô,
Nâu,To,Vàng,13,Thấp,Thẳng,Vừa,Thưa,Bẹt,
Nâu,Nhỏ,Đen,18,Gãy,Lượn sóng,Dày,Rậm,Dô,
Đen,Nhỏ,Nâu,26,Lỗ mũi to,Thẳng,Mỏng,Rậm,Dài,
Đen,To,Đen,30,Lỗ mũi to,Lượn sóng,Mỏng,Thưa,Bẹt,
Nâu,Vừa,Đen,25,Lỗ mũi to,Xoăn,Dày,Thưa,Dô,
Nâu,Nhỏ,Nâu,23,Gãy,Thẳng,Vừa,Rậm,Bẹt,
Đen,Nhỏ,Vàng,24,Lỗ mũi to,Xoăn,Dày,Thưa,Dô,
Đen,Nhỏ,Đen,25,Gãy,Xoăn,Dày,Thưa,Ngắn,
Nâu,Nhỏ,Nâu,14,Thấp,Lượn sóng,Vừa,Rậm,Bẹt,
Đen,To,Nâu,16,Thấp,Thẳng,Dày,Rậm,Ngắn,
Nâu,Nhỏ,Đỏ,32,Cao,Xoăn,Dày,Thưa,Ngắn,
Nâu,Nhỏ,Đen,18,Gãy,Xoăn,Dày,Rậm,Bẹt,
Nâu,Vừa,Nâu,19,Cao,Thẳng,Dày,Thưa,Dô,
Xám,Vừa,Đen,14,Lỗ mũi to,Xoăn,Dày,Rậm,Ngắn,
Nâu,Nhỏ,Đen,17,Lỗ mũi to,Thẳng,Mỏng,Thưa,Dài,
Đen,Vừa,Đen,30,Gãy,Lượn sóng,Mỏng,Thưa,Dô,
Đen,To,Đen,28,Thấp,Xoăn,Dày,Rậm,Dài,
Đen,To,Nâu,18,Cao,Xoăn,Dày,Thưa,Dô,
Nâu,To,Nâu,36,Cao,Xoăn,Dày,Thưa,Bẹt,
Đen,To,Nâu,34,Lỗ mũi to,Thẳng,Dày,Rậm,Dô,
Lam,Nhỏ,Vàng,21,Gãy,Lượn sóng,Vừa,Rậm,Bẹt,
Đen,Nhỏ,Nâu,13,Thấp,Lượn sóng,Dày,Thưa,Bẹt,
Nâu,To,Đen,17,Lỗ mũi to,Lượn sóng,Vừa,Thưa,Bẹt,
Đen,Nhỏ,Nâu,17,Thấp,Thẳng,Vừa,Thưa,Dô,
Lam,To,Đỏ,25,Cao,Xoăn,Vừa,Rậm,Bẹt,
Đen,Nhỏ,Đen,32,Thấp,Xoăn,Dày,Thưa,Bẹt,
Đen,Nhỏ,Đen,28,Lỗ mũi to,Thẳng,Vừa,Rậm,Dài,
Nâu,Nhỏ,Nâu,20,Gãy,Thẳng,Vừa,Rậm,Bẹt,
Nâu,To,Nâu,33,Thấp,Thẳng,Mỏng,Thưa,Dô,
Nâu,Nhỏ,Đen,26,Gãy,Thẳng,Mỏng,Rậm,Dô,
Đen,To,Đen,20,Thấp,Xoăn,Dày,Rậm,Bẹt,
Nâu,To,Vàng,28,Thấp,Lượn sóng,Mỏng,Rậm,Bẹt,
Đen,Nhỏ,Đỏ,23,Thấp,Thẳng,Vừa,Rậm,Dài,
Nâu,To,Nâu,18,Cao,Lượn sóng,Vừa,Rậm,Bẹt,
Đen,Nhỏ,Nâu,20,Gãy,Thẳng,Dày,Thưa,Bẹt,
Đen,Nhỏ,Nâu,23,Cao,Lượn sóng,Mỏng,Rậm,Bẹt,
Đen,Nhỏ,Nâu,23,Thấp,Thẳng,Mỏng,Rậm,Dô,
Đen,To,Vàng,21,Cao,Thẳng,Mỏng,Rậm,Dài,
Đen,Nhỏ,Đen,22,Thấp,Thẳng,Dày,Rậm,Bẹt,
Đen,To,Đỏ,23,Gãy,Thẳng,Mỏng,Rậm,Dài,
Nâu,Vừa,Nâu,17,Thấp,Thẳng,Vừa,Rậm,Bẹt,
Đen,To,Nâu,22,Lỗ mũi to,Xoăn,Dày,Rậm,Bẹt,
Nâu,Nhỏ,Đen,29,Thấp,Thẳng,Vừa,Rậm,Bẹt,
Nâu,Nhỏ,Vàng,25,Cao,Xoăn,Mỏng,Thưa,Bẹt,
Nâu,To,Đỏ,25,Thấp,Xoăn,Vừa,Thưa,Dài,
Đen,To,Đen,31,Cao,Thẳng,Vừa,Thưa,Dài,
Nâu,Vừa,Đen,21,Gãy,Thẳng,Vừa,Thưa,Ngắn,
Nâu,Nhỏ,Đen,10,Thấp,Xoăn,Dày,Rậm,Bẹt,
Nâu,To,Đen,27,Thấp,Xoăn,Mỏng,Thưa,Dài,
Nâu,Nhỏ,Nâu,34,Cao,Xoăn,Dày,Thưa,Dài,
Đen,Vừa,Vàng,20,Thấp,Thẳng,Vừa,Thưa,Bẹt,
Nâu,To,Đen,27,Cao,Xoăn,Mỏng,Thưa,Bẹt,
Đen,To,Vàng,32,Thấp,Xoăn,Mỏng,Rậm,Dô,
Đen,To,Vàng,21,Thấp,Xoăn,Mỏng,Rậm,Bẹt,
Nâu,To,Đen,15,Lỗ mũi to,Xoăn,Dày,Thưa,Bẹt,
Nâu,Nhỏ,Nâu,22,Thấp,Thẳng,Dày,Rậm,Ngắn,
Nâu,Vừa,Nâu,15,Thấp,Thẳng,Mỏng,Rậm,Bẹt,
Nâu,Nhỏ,Đen,10,Gãy,Lượn sóng,Dày,Thưa,Bẹt,
Nâu,Nhỏ,Đen,18,Thấp,Thẳng,Dày,Rậm,Ngắn,
Nâu,To,Nâu,23,Lỗ mũi to,Thẳng,Dày,Thưa,Dài,
Nâu,Nhỏ,Nâu,15,Thấp,Thẳng,Vừa,Thưa,Bẹt,
Nâu,Nhỏ,Nâu,16,Cao,Thẳng,Dày,Rậm,Bẹt,
Đen,To,Đen,18,Thấp,Thẳng,Mỏng,Thưa,Ngắn,
Đen,Nhỏ,Nâu,22,Lỗ mũi to,Xoăn,Vừa,Rậm,Bẹt,
Đen,Vừa,Lam,18,Thấp,Lượn sóng,Vừa,Thưa,Dài,
Nâu,Nhỏ,Nâu,31,Thấp,Lượn sóng,Dày,Thưa,Bẹt,
Nâu,Vừa,Đen,9,Cao,Lượn sóng,Mỏng,Thưa,Dài,
Nâu,Nhỏ,Vàng,18,Thấp,Lượn sóng,Mỏng,Thưa,Bẹt,
Xám,To,Đen,19,Cao,Thẳng,Mỏng,Rậm,Bẹt,
Đen,Nhỏ,Đen,23,Cao,Lượn sóng,Vừa,Rậm,Bẹt,
Nâu,Nhỏ,Đen,15,Cao,Thẳng,Vừa,Thưa,Ngắn,
Đen,Vừa,Nâu,13,Lỗ mũi to,Thẳng,Dày,Rậm,Dô,
Nâu,To,Nâu,26,Thấp,Thẳng,Mỏng,Rậm,Dô,
Lam,Nhỏ,Đen,23,Lỗ mũi to,Xoăn,Vừa,Rậm,Dô,
Nâu,Nhỏ,Đen,31,Gãy,Xoăn,Dày,Thưa,Dô,
Đen,Nhỏ,Đen,17,Thấp,Lượn sóng,Vừa,Thưa,Bẹt,
Nâu,Nhỏ,Đen,24,Cao,Xoăn,Mỏng,Rậm,Dài,
Nâu,To,Vàng,15,Cao,Lượn sóng,Vừa,Thưa,Bẹt,
Nâu,Nhỏ,Đen,21,Thấp,Thẳng,Dày,Rậm,Dài,
Đen,To,Đen,28,Thấp,Xoăn,Vừa,Thưa,Bẹt,
Nâu,To,Đen,39,Lỗ mũi to,Xoăn,Mỏng,Rậm,Ngắn,
Nâu,Nhỏ,Đen,18,Lỗ mũi to,Lượn sóng,Vừa,Rậm,Dài,
Đen,Vừa,Đen,25,Lỗ mũi to,Thẳng,Mỏng,Rậm,Bẹt,
Nâu,To,Vàng,22,Thấp,Lượn sóng,Mỏng,Thưa,Dài,
Đen,To,Đen,20,Thấp,Thẳng,Dày,Thưa,Dô,
Nâu,To,Vàng,4,Lỗ mũi to,Xoăn,Vừa,Rậm,Dô,
Nâu,To,Nâu,24,Cao,Xoăn,Vừa,Rậm,Dài,
Đen,To,Nâu,15,Thấp,Lượn sóng,Dày,Rậm,Bẹt,
Lam,To,Đen,16,Cao,Thẳng,Vừa,Rậm,Dô,
Nâu,Nhỏ,Nâu,22,Lỗ mũi to,Thẳng,Mỏng,Thưa,Bẹt,
Xám,To,Nâu,27,Thấp,Xoăn,Mỏng,Thưa,Dài,
Nâu,Nhỏ,Đen,30,Cao,Xoăn,Mỏng,Thưa,Bẹt,
Đen,To,Nâu,21,Gãy,Xoăn,Mỏng,Rậm,Dô,
Đen,To,Đỏ,16,Lỗ mũi to,Xoăn,Mỏng,Rậm,Bẹt,
Nâu,Nhỏ,Đen,25,Gãy,Thẳng,Vừa,Rậm,Ngắn,
Xám,Vừa,Nâu,21,Thấp,Xoăn,Dày,Thưa,Bẹt,
Đen,Nhỏ,Đen,27,Cao,Lượn sóng,Vừa,Thưa,Dô,
Lam,Vừa,Nâu,13,Cao,Thẳng,Vừa,Rậm,Ngắn,
Nâu,Nhỏ,Nâu,20,Lỗ mũi to,Lượn sóng,Dày,Thưa,Dô,
Đen,Vừa,Đen,22,Lỗ mũi to,Xoăn,Dày,Rậm,Ngắn,
Đen,Nhỏ,Nâu,21,Lỗ mũi to,Xoăn,Dày,Rậm,Ngắn,
Lam,Vừa,Nâu,16,Thấp,Lượn sóng,Vừa,Rậm,Dài,
Đen,Nhỏ,Nâu,26,Cao,Xoăn,Dày,Rậm,Bẹt,
Nâu,To,Nâu,14,Cao,Xoăn,Mỏng,Thưa,Dài,
Nâu,To,Vàng,19,Cao,Lượn sóng,Mỏng,Rậm,Bẹt,
Đen,To,Đen,14,Thấp,Xoăn,Vừa,Thưa,Ngắn,
Lam,Nhỏ,Đen,21,Cao,Xoăn,Vừa,Thưa,Dô,
Đen,To,Nâu,11,Thấp,Xoăn,Vừa,Rậm,Ngắn,
Nâu,Nhỏ,Nâu,22,Cao,Thẳng,Vừa,Rậm,Bẹt,
Nâu,Vừa,Nâu,29,Cao,Lượn sóng,Mỏng,Thưa,Dô,
Nâu,To,Đen,25,Lỗ mũi to,Lượn sóng,Vừa,Rậm,Bẹt,
Đen,To,Nâu,22,Cao,Lượn sóng,Vừa,Rậm,Ngắn,
Đen,Nhỏ,Nâu,13,Thấp,Lượn sóng,Mỏng,Rậm,Dài,
Đen,Vừa,Nâu,31,Lỗ mũi to,Lượn sóng,Vừa,Rậm,Bẹt,
Nâu,To,Đen,13,Gãy,Thẳng,Mỏng,Thưa,Bẹt,
Nâu,Nhỏ,Đen,22,Thấp,Xoăn,Dày,Rậm,Bẹt,
Nâu,Nhỏ,Đỏ,24,Thấp,Thẳng,Dày,Rậm,Dài,
Nâu,Nhỏ,Đen,21,Cao,Xoăn,Dày,Rậm,Bẹt,
Lam,Vừa,Đen,23,Lỗ mũi to,Lượn sóng,Mỏng,Thưa,Bẹt,
Nâu,Nhỏ,Nâu,27,Thấp,Xoăn,Vừa,Rậm,Bẹt,
Nâu,To,Nâu,22,Lỗ mũi to,Thẳng,Vừa,Rậm,Ngắn,
Lam,To,Nâu,19,Thấp,Lượn sóng,Dày,Rậm,Dô,
Đen,Vừa,Đen,25,Cao,Xoăn,Mỏng,Thưa,Dài,
Đen,Nhỏ,Đen,28,Gãy,Thẳng,Dày,Thưa,Dài,
Đen,To,Nâu,17,Lỗ mũi to,Xoăn,Mỏng,Thưa,Ngắn,
Lam,Nhỏ,Nâu,23,Lỗ mũi to,Thẳng,Vừa,Thưa,Bẹt,
Đen,Nhỏ,Nâu,7,Cao,Xoăn,Vừa,Rậm,Dài,
Nâu,Nhỏ,Đen,17,Thấp,Xoăn,Mỏng,Rậm,Bẹt,
Lam,To,Nâu,25,Cao,Thẳng,Vừa,Rậm,Ngắn,
Đen,To,Đỏ,9,Cao,Thẳng,Mỏng,Thưa,Dô,
Nâu,Nhỏ,Đen,21,Cao,Xoăn,Dày,Rậm,Dài,
Xám,Vừa,Nâu,25,Cao,Xoăn,Dày,Rậm,Bẹt,
Nâu,To,Đỏ,18,Lỗ mũi to,Thẳng,Dày,Thưa,Bẹt,
Nâu,To,Đỏ,23,Thấp,Lượn sóng,Vừa,Thưa,Dài,
Đen,To,Đen,25,Gãy,Xoăn,Vừa,Rậm,Dô,
Nâu,Nhỏ,Vàng,19,Thấp,Lượn sóng,Dày,Rậm,Dô,
Nâu,To,Nâu,20,Thấp,Xoăn,Vừa,Rậm,Bẹt,
Đen,Vừa,Nâu,21,Cao,Thẳng,Dày,Rậm,Dài,
Lam,Nhỏ,Nâu,22,Cao,Thẳng,Vừa,Thưa,Ngắn,
Đen,Nhỏ,Vàng,24,Gãy,Thẳng,Dày,Thưa,Bẹt,
Đen,To,Đen,23,Thấp,Xoăn,Mỏng,Rậm,Ngắn,
Lam,To,Nâu,19,Lỗ mũi to,Thẳng,Vừa,Rậm,Dài,
Nâu,To,Đen,26,Thấp,Xoăn,Dày,Thưa,Bẹt,
Nâu,Vừa,Nâu,14,Thấp,Thẳng,Vừa,Rậm,Bẹt,
Nâu,Vừa,Nâu,32,Thấp,Thẳng,Mỏng,Thưa,Bẹt,
Xám,To,Nâu,26,Gãy,Xoăn,Vừa,Rậm,Bẹt,
Nâu,Nhỏ,Nâu,27,Lỗ mũi to,Xoăn,Dày,Thưa,Dài,
Nâu,Nhỏ,Nâu,25,Thấp,Xoăn,Vừa,Thưa,Bẹt,
Nâu,To,Nâu,30,Cao,Lượn sóng,Vừa,Rậm,Ngắn,
Nâu,Nhỏ,Đen,22,Gãy,Thẳng,Vừa,Rậm,Ngắn,
Đen,Nhỏ,Nâu,24,Thấp,Thẳng,Mỏng,Rậm,Bẹt,
Nâu,Nhỏ,Đen,23,Lỗ mũi to,Lượn sóng,Vừa,Thưa,Bẹt,
Nâu,Nhỏ,Đen,10,Thấp,Xoăn,Mỏng,Thưa,Dô,
Lam,Nhỏ,Nâu,23,Lỗ mũi to,Xoăn,Mỏng,Thưa,Bẹt,
Nâu,Nhỏ,Đen,29,Gãy,Thẳng,Vừa,Thưa,Dài,
Đen,To,Đen,21,Cao,Xoăn,Dày,Thưa,Bẹt,
Nâu,Nhỏ,Nâu,23,Thấp,Lượn sóng,Dày,Rậm,Bẹt,
Nâu,Vừa,Nâu,20,Thấp,Thẳng,Mỏng,Thưa,Dô,
Xám,Nhỏ,Đen,24,Gãy,Xoăn,Mỏng,Thưa,Dài,
Nâu,Nhỏ,Nâu,18,Thấp,Thẳng,Dày,Rậm,Bẹt,
Đen,Nhỏ,Nâu,18,Cao,Thẳng,Dày,Thưa,Dài,
Xám,To,Nâu,19,Thấp,Thẳng,Dày,Rậm,Dài,
Đen,To,Đen,28,Lỗ mũi to,Xoăn,Mỏng,Thưa,Dô,
Đen,Nhỏ,Đen,30,Cao,Thẳng,Dày,Rậm,Dô,
Nâu,Vừa,Đen,19,Cao,Xoăn,Dày,Thưa,Dài,
Lam,Nhỏ,Đen,27,Lỗ mũi to,Xoăn,Dày,Thưa,Bẹt,
Xám,To,Nâu,22,Thấp,Lượn sóng,Mỏng,Thưa,Bẹt,
Đen,To,Đen,27,Cao,Thẳng,Vừa,Rậm,Dài,
Đen,To,Vàng,12,Gãy,Thẳng,Vừa,Thưa,Ngắn,
Đen,Nhỏ,Đen,12,Cao,Thẳng,Vừa,Thưa,Dô,
Lam,Nhỏ,Đen,22,Lỗ mũi to,Thẳng,Dày,Thưa,Ngắn,
Nâu,To,Đen,18,Lỗ mũi to,Lượn sóng,Mỏng,Rậm,Dài,
Nâu,Nhỏ,Đỏ,25,Cao,Thẳng,Dày,Rậm,Bẹt,
Nâu,Nhỏ,Đen,23,Cao,Thẳng,Dày,Rậm,Dô,
Nâu,Nhỏ,Đen,17,Thấp,Xoăn,Mỏng,Thưa,Bẹt,
Nâu,Nhỏ,Đen,17,Lỗ mũi to,Thẳng,Vừa,Rậm,Dài,
Đen,To,Nâu,24,Lỗ mũi to,Lượn sóng,Vừa,Thưa,Bẹt,
Nâu,Nhỏ,Nâu,22,Cao,Thẳng,Mỏng,Rậm,Bẹt,
Nâu,Nhỏ,Nâu,31,Thấp,Xoăn,Mỏng,Thưa,Dài,
Nâu,Nhỏ,Lam,25,Thấp,Xoăn,Dày,Rậm,Dài,
Đen,Nhỏ,Nâu,34,Lỗ mũi to,Thẳng,Vừa,Rậm,Bẹt,
Đen,Nhỏ,Đen,25,Cao,Xoăn,Mỏng,Rậm,Bẹt,
Nâu,To,Đen,22,Thấp,Lượn sóng,Dày,Rậm,Bẹt,
Nâu,Nhỏ,Đen,9,Gãy,Thẳng,Mỏng,Thưa,Ngắn,
Nâu,To,Đen,22,Thấp,Thẳng,Vừa,Rậm,Dài,
Nâu,Vừa,Vàng,15,Thấp,Xoăn,Vừa,Thưa,Dài,
Đen,To,Nâu,16,Thấp,Xoăn,Vừa,Thưa,Ngắn,
Nâu,To,Nâu,12,Cao,Lượn sóng,Mỏng,Thưa,Dô,
Nâu,Nhỏ,Đen,24,Thấp,Xoăn,Mỏng,Thưa,Dô,
Nâu,Nhỏ,Nâu,22,Cao,Lượn sóng,Dày,Rậm,Dô,
Nâu,To,Đen,19,Thấp,Xoăn,Vừa,Rậm,Bẹt,
Đen,Vừa,Đen,23,Thấp,Thẳng,Dày,Thưa,Ngắn,
Đen,To,Đen,13,Thấp,Lượn sóng,Vừa,Thưa,Bẹt,
Xám,Nhỏ,Nâu,13,Thấp,Lượn sóng,Vừa,Rậm,Bẹt,
Đen,Nhỏ,Nâu,17,Cao,Lượn sóng,Mỏng,Thưa,Dài,
Đen,Nhỏ,Đen,21,Thấp,Xoăn,Vừa,Thưa,Dô,
Đen,Nhỏ,Đen,16,Lỗ mũi to,Xoăn,Vừa,Thưa,Ngắn,
Nâu,Nhỏ,Đen,15,Gãy,Xoăn,Vừa,Thưa,Bẹt,
Đen,Nhỏ,Vàng,21,Thấp,Xoăn,Mỏng,Thưa,Ngắn,
Đen,Vừa,Đen,13,Cao,Thẳng,Mỏng,Thưa,Bẹt,
Nâu,Nhỏ,Nâu,17,Lỗ mũi to,Thẳng,Dày,Thưa,Dô,
Lam,Vừa,Nâu,27,Cao,Thẳng,Vừa,Thưa,Dô,
Nâu,Nhỏ,Đen,14,Gãy,Thẳng,Dày,Rậm,Dô,
Nâu,Nhỏ,Nâu,16,Lỗ mũi to,Xoăn,Vừa,Rậm,Bẹt,
Nâu,Nhỏ,Nâu,19,Thấp,Xoăn,Mỏng,Thưa,Bẹt,
Nâu,Nhỏ,Đen,23,Lỗ mũi to,Lượn sóng,Mỏng,Rậm,Dô,
Nâu,To,Lam,22,Thấp,Xoăn,Dày,Thưa,Bẹt,
Lam,To,Nâu,23,Gãy,Xoăn,Vừa,Thưa,Bẹt,
Vàng,Nhỏ,Nâu,16,Cao,Xoăn,Dày,Thưa,Bẹt,
Đen,To,Nâu,23,Lỗ mũi to,Xoăn,Dày,Thưa,Bẹt,
Đen,Nhỏ,Đen,17,Lỗ mũi to,Xoăn,Vừa,Rậm,Dài,
Nâu,To,Nâu,13,Lỗ mũi to,Xoăn,Dày,Rậm,Bẹt,
Đen,To,Nâu,34,Gãy,Thẳng,Dày,Rậm,Bẹt,
Đen,Nhỏ,Nâu,22,Thấp,Thẳng,Vừa,Rậm,Dô,
Nâu,To,Đen,20,Lỗ mũi to,Thẳng,Vừa,Thưa,Dài,
Nâu,Nhỏ,Nâu,29,Gãy,Thẳng,Dày,Thưa,Bẹt,
Đen,Nhỏ,Nâu,27,Thấp,Thẳng,Mỏng,Thưa,Bẹt,
Lam,Nhỏ,Nâu,18,Lỗ mũi to,Thẳng,Vừa,Thưa,Dô,
Đen,To,Nâu,23,Gãy,Xoăn,Vừa,Rậm,Dài,
Đen,Nhỏ,Đen,18,Thấp,Xoăn,Vừa,Rậm,Bẹt,
Đen,Vừa,Đen,32,Lỗ mũi to,Lượn sóng,Vừa,Thưa,Bẹt,
Nâu,To,Đỏ,18,Lỗ mũi to,Thẳng,Dày,Rậm,Dô,
Nâu,Nhỏ,Nâu,20,Cao,Xoăn,Vừa,Rậm,Dô,
Nâu,To,Đen,10,Lỗ mũi to,Xoăn,Vừa,Rậm,Dô,
Đen,Nhỏ,Nâu,14,Cao,Thẳng,Vừa,Rậm,Dài,
Đen,Nhỏ,Đen,31,Thấp,Thẳng,Vừa,Rậm,Ngắn,
Đen,Vừa,Đen,20,Lỗ mũi to,Xoăn,Mỏng,Thưa,Dô,
Nâu,Nhỏ,Nâu,21,Cao,Lượn sóng,Vừa,Rậm,Bẹt,
Nâu,Nhỏ,Nâu,15,Gãy,Lượn sóng,Vừa,Rậm,Dài,
Nâu,To,Nâu,18,Lỗ mũi to,Lượn sóng,Dày,Rậm,Dài,
Lam,Nhỏ,Nâu,29,Gãy,Lượn sóng,Dày,Thưa,Dô,
Đen,Vừa,Đen,21,Cao,Thẳng,Dày,Rậm,Dô,
Đen,To,Lam,13,Gãy,Thẳng,Dày,Thưa,Dô,
Đen,Nhỏ,Nâu,15,Thấp,Lượn sóng,Vừa,Rậm,Dô,
Đen,To,Đen,21,Lỗ mũi to,Thẳng,Vừa,Rậm,Dài,
Xám,To,Đen,8,Cao,Lượn sóng,Mỏng,Thưa,Bẹt,
Đen,To,Nâu,25,Thấp,Lượn sóng,Vừa,Thưa,Dài,
Đen,Nhỏ,Nâu,10,Cao,Lượn sóng,Vừa,Rậm,Ngắn,
Xám,Nhỏ,Đen,20,Thấp,Thẳng,Dày,Rậm,Dô,
Đen,To,Nâu,26,Thấp,Lượn sóng,Dày,Thưa,Bẹt,
Nâu,Nhỏ,Nâu,8,Gãy,Lượn sóng,Vừa,Rậm,Dô,
Đen,Vừa,Nâu,24,Lỗ mũi to,Xoăn,Vừa,Thưa,Dô,
Lam,Vừa,Nâu,22,Thấp,Xoăn,Vừa,Thưa,Bẹt,
Nâu,To,Đen,20,Cao,Thẳng,Dày,Thưa,Bẹt,
Xám,Nhỏ,Đen,13,Thấp,Xoăn,Vừa,Thưa,Dài,
Đen,To,Nâu,29,Lỗ mũi to,Lượn sóng,Vừa,Rậm,Bẹt,
Nâu,To,Nâu,21,Thấp,Thẳng,Vừa,Rậm,Bẹt,
Đen,Nhỏ,Nâu,15,Cao,Xoăn,Vừa,Rậm,Ngắn,
Nâu,To,Nâu,28,Cao,Lượn sóng,Mỏng,Thưa,Bẹt,
Vàng,Nhỏ,Đen,21,Lỗ mũi to,Xoăn,Dày,Thưa,Dài,
Nâu,To,Đen,29,Thấp,Xoăn,Vừa,Thưa,Ngắn,
Đen,Nhỏ,Đỏ,12,Thấp,Xoăn,Dày,Rậm,Ngắn,
Nâu,To,Đỏ,28,Thấp,Lượn sóng,Mỏng,Thưa,Ngắn,
Nâu,Nhỏ,Nâu,14,Gãy,Xoăn,Mỏng,Thưa,Dài,
Nâu,Nhỏ,Nâu,25,Lỗ mũi to,Lượn sóng,Vừa,Rậm,Ngắn,
Đen,Nhỏ,Đen,18,Cao,Lượn sóng,Vừa,Rậm,Ngắn,
Đen,To,Nâu,16,Cao,Lượn sóng,Mỏng,Thưa,Bẹt,
Đen,Nhỏ,Đen,24,Lỗ mũi to,Lượn sóng,Mỏng,Thưa,Dài,
Đen,Nhỏ,Đen,24,Thấp,Xoăn,Mỏng,Rậm,Dô,
Đen,Nhỏ,Nâu,13,Thấp,Lượn sóng,Mỏng,Thưa,Dài,
Xám,Nhỏ,Đen,24,Cao,Thẳng,Vừa,Thưa,Ngắn,
Lam,Nhỏ,Nâu,18,Gãy,Thẳng,Mỏng,Thưa,Bẹt,
Đen,Nhỏ,Đỏ,24,Lỗ mũi to,Xoăn,Vừa,Thưa,Bẹt,
Nâu,Vừa,Nâu,26,Cao,Thẳng,Dày,Thưa,Bẹt,
Nâu,Vừa,Nâu,13,Gãy,Thẳng,Dày,Thưa,Dài,
Nâu,To,Đen,15,Lỗ mũi to,Xoăn,Mỏng,Thưa,Bẹt,
Vàng,To,Đen,28,Lỗ mũi to,Thẳng,Dày,Rậm,Dài,
Nâu,To,Nâu,23,Lỗ mũi to,Thẳng,Dày,Thưa,Dài,
Xám,Vừa,Đen,28,Cao,Thẳng,Dày,Rậm,Dài,
Nâu,To,Nâu,14,Lỗ mũi to,Thẳng,Dày,Thưa,Dô,
Nâu,To,Nâu,17,Cao,Xoăn,Mỏng,Rậm,Dài,
Nâu,To,Đỏ,17,Lỗ mũi to,Xoăn,Mỏng,Thưa,Bẹt,
Đen,To,Đen,19,Lỗ mũi to,Lượn sóng,Dày,Thưa,Dô,
Nâu,To,Đen,24,Lỗ mũi to,Xoăn,Dày,Rậm,Dài,
Nâu,To,Nâu,22,Thấp,Thẳng,Vừa,Thưa,Dài,
Nâu,To,Nâu,29,Cao,Xoăn,Dày,Rậm,Bẹt,
Nâu,To,Đen,18,Gãy,Lượn sóng,Dày,Thưa,Dài,
Đen,To,Nâu,24,Cao,Thẳng,Mỏng,Thưa,Dô,
Nâu,To,Đen,22,Thấp,Lượn sóng,Vừa,Rậm,Bẹt,
Nâu,Nhỏ,Đen,27,Thấp,Lượn sóng,Vừa,Thưa,Bẹt,
Đen,To,Đen,17,Cao,Lượn sóng,Dày,Thưa,Bẹt,
Lam,To,Đen,14,Cao,Xoăn,Mỏng,Rậm,Bẹt,
Lam,To,Nâu,20,Gãy,Lượn sóng,Vừa,Rậm,Ngắn,
Nâu,Nhỏ,Nâu,33,Gãy,Xoăn,Mỏng,Rậm,Dô,
Lam,Nhỏ,Đen,23,Cao,Xoăn,Vừa,Rậm,Bẹt,
Đen,To,Nâu,16,Gãy,Xoăn,Mỏng,Thưa,Ngắn,
Đen,Nhỏ,Đen,23,Thấp,Thẳng,Vừa,Thưa,Ngắn,
Nâu,Vừa,Nâu,24,Thấp,Xoăn,Mỏng,Rậm,Dô,
Nâu,To,Vàng,25,Thấp,Lượn sóng,Mỏng,Thưa,Bẹt,
Nâu,Nhỏ,Nâu,24,Thấp,Lượn sóng,Vừa,Rậm,Ngắn,
Nâu,Nhỏ,Đen,16,Thấp,Xoăn,Mỏng,Rậm,Ngắn,
Xám,Nhỏ,Đỏ,23,Lỗ mũi to,Thẳng,Dày,Rậm,Bẹt,
Xám,To,Nâu,11,Thấp,Xoăn,Vừa,Thưa,Dô,
Nâu,Nhỏ,Nâu,20,Gãy,Lượn sóng,Mỏng,Rậm,Bẹt,
Lục,To,Nâu,19,Thấp,Xoăn,Vừa,Rậm,Ngắn,
Đen,Vừa,Đỏ,16,Gãy,Thẳng,Mỏng,Thưa,Bẹt,
Đen,To,Đen,25,Thấp,Xoăn,Mỏng,Rậm,Ngắn,
Đen,To,Đỏ,25,Cao,Lượn sóng,Mỏng,Thưa,Bẹt,
Nâu,Nhỏ,Đen,27,Cao,Lượn sóng,Dày,Rậm,Bẹt,
Nâu,Nhỏ,Đen,27,Thấp,Xoăn,Vừa,Rậm,Dài,
Đen,Nhỏ,Nâu,22,Lỗ mũi to,Xoăn,Dày,Rậm,Ngắn,
Nâu,Nhỏ,Nâu,18,Lỗ mũi to,Thẳng,Vừa,Thưa,Ngắn,
Nâu,To,Đen,19,Thấp,Thẳng,Dày,Rậm,Bẹt,
Đen,To,Đen,15,Gãy,Thẳng,Mỏng,Thưa,Bẹt,
Xám,Nhỏ,Nâu,27,Lỗ mũi to,Thẳng,Mỏng,Rậm,Bẹt,
Đỏ,To,Lam,23,Cao,Thẳng,Dày,Thưa,Dài,
Lam,Nhỏ,Đỏ,24,Gãy,Thẳng,Vừa,Thưa,Bẹt,
Nâu,Nhỏ,Nâu,19,Lỗ mũi to,Thẳng,Vừa,Rậm,Dô,
Đen,To,Vàng,28,Cao,Lượn sóng,Vừa,Thưa,Ngắn,
Đen,To,Nâu,31,Gãy,Thẳng,Dày,Rậm,Ngắn,
Lam,Nhỏ,Đen,18,Cao,Thẳng,Vừa,Thưa,Ngắn,
Lam,Nhỏ,Vàng,23,Cao,Xoăn,Dày,Rậm,Dài,
Đen,To,Nâu,29,Cao,Thẳng,Mỏng,Thưa,Bẹt,
Lam,Nhỏ,Nâu,17,Cao,Xoăn,Dày,Thưa,Ngắn,
Vàng,Nhỏ,Vàng,21,Cao,Xoăn,Vừa,Rậm,Bẹt,
Nâu,Nhỏ,Vàng,19,Lỗ mũi to,Lượn sóng,Vừa,Rậm,Dô,
Nâu,Nhỏ,Nâu,21,Cao,Xoăn,Dày,Thưa,Bẹt,
Đen,To,Đỏ,20,Lỗ mũi to,Xoăn,Dày,Rậm,Bẹt,
Nâu,To,Nâu,22,Cao,Xoăn,Vừa,Thưa,Bẹt,
Đen,To,Đen,20,Thấp,Lượn sóng,Dày,Rậm,Dô,
Nâu,Nhỏ,Đen,26,Gãy,Lượn sóng,Mỏng,Thưa,Bẹt,
Đen,To,Vàng,23,Cao,Lượn sóng,Mỏng,Thưa,Dài,
Đen,Nhỏ,Đen,26,Cao,Lượn sóng,Mỏng,Rậm,Bẹt,
Nâu,To,Đen,28,Thấp,Lượn sóng,Vừa,Thưa,Dô,
Nâu,Vừa,Nâu,17,Thấp,Thẳng,Dày,Rậm,Ngắn,
Đen,To,Đen,20,Lỗ mũi to,Xoăn,Mỏng,Rậm,Ngắn,
Đen,To,Đen,22,Thấp,Lượn sóng,Dày,Rậm,Dô,
Đen,Nhỏ,Đen,16,Gãy,Xoăn,Mỏng,Thưa,Dài,
Đen,Vừa,Nâu,30,Gãy,Xoăn,Mỏng,Rậm,Bẹt,
Nâu,Nhỏ,Nâu,15,Gãy,Xoăn,Dày,Rậm,Bẹt,
Nâu,Nhỏ,Đen,17,Lỗ mũi to,Xoăn,Dày,Thưa,Dô,
Nâu,Nhỏ,Nâu,24,Thấp,Xoăn,Dày,Thưa,Dài,
Đen,To,Đen,21,Gãy,Thẳng,Vừa,Rậm,Bẹt,
Đen,Nhỏ,Đen,21,Thấp,Thẳng,Dày,Rậm,Bẹt,
Đen,Nhỏ,Nâu,21,Thấp,Thẳng,Dày,Thưa,Dài,
Đen,To,Nâu,19,Lỗ mũi to,Thẳng,Vừa,Thưa,Bẹt,
Đen,To,Nâu,19,Thấp,Thẳng,Dày,Thưa,Dô,
Nâu,Nhỏ,Nâu,24,Lỗ mũi to,Xoăn,Mỏng,Thưa,Bẹt,
Đen,To,Đen,27,Cao,Xoăn,Mỏng,Rậm,Dài,
Nâu,Vừa,Đen,17,Lỗ mũi to,Xoăn,Vừa,Thưa,Dô,
Đen,To,Đen,23,Thấp,Thẳng,Vừa,Thưa,Dài,
Đen,To,Nâu,22,Thấp,Xoăn,Dày,Thưa,Ngắn,
Nâu,To,Đen,23,Lỗ mũi to,Lượn sóng,Dày,Rậm,Dài,
Đen,Nhỏ,Đỏ,19,Thấp,Xoăn,Vừa,Thưa,Dài,
Đen,Nhỏ,Vàng,15,Lỗ mũi to,Lượn sóng,Dày,Thưa,Dô,
Nâu,Nhỏ,Vàng,19,Lỗ mũi to,Thẳng,Dày,Thưa,Bẹt,
Tím,Nhỏ,Nâu,18,Thấp,Xoăn,Mỏng,Thưa,Bẹt,
Nâu,Nhỏ,Nâu,24,Cao,Thẳng,Mỏng,Thưa,Bẹt,
Đen,Nhỏ,Nâu,19,Thấp,Thẳng,Vừa,Rậm,Bẹt,
Lam,Vừa,Đen,19,Thấp,Thẳng,Dày,Thưa,Bẹt,
Lam,To,Đen,25,Thấp,Lượn sóng,Vừa,Rậm,Ngắn,
Xám,Nhỏ,Nâu,21,Thấp,Xoăn,Dày,Rậm,Bẹt,
Nâu,Vừa,Đen,25,Thấp,Xoăn,Vừa,Thưa,Ngắn,
Đen,Nhỏ,Đen,21,Thấp,Thẳng,Mỏng,Rậm,Bẹt,
Nâu,To,Lam,24,Cao,Thẳng,Mỏng,Thưa,Dô,
Đen,To,Nâu,23,Thấp,Thẳng,Dày,Rậm,Dài,
Đen,To,Nâu,19,Lỗ mũi to,Lượn sóng,Dày,Thưa,Bẹt,
Đen,Nhỏ,Đen,18,Thấp,Thẳng,Dày,Rậm,Bẹt,
Nâu,Nhỏ,Đen,37,Thấp,Thẳng,Dày,Rậm,Bẹt,
Đen,Nhỏ,Nâu,11,Lỗ mũi to,Thẳng,Dày,Rậm,Bẹt,
Nâu,Nhỏ,Nâu,18,Thấp,Thẳng,Vừa,Rậm,Bẹt,
Nâu,Nhỏ,Đen,22,Thấp,Thẳng,Vừa,Thưa,Dài,
Nâu,Nhỏ,Nâu,23,Cao,Thẳng,Dày,Rậm,Dài,
Lam,To,Nâu,23,Thấp,Thẳng,Dày,Rậm,Dài,
Xám,Nhỏ,Nâu,26,Cao,Lượn sóng,Dày,Thưa,Ngắn,
Nâu,Nhỏ,Nâu,13,Cao,Xoăn,Mỏng,Rậm,Dô,
Đen,To,Vàng,18,Thấp,Lượn sóng,Mỏng,Thưa,Bẹt,
Đen,Nhỏ,Đen,24,Gãy,Lượn sóng,Mỏng,Rậm,Bẹt,
Xám,Nhỏ,Nâu,22,Lỗ mũi to,Thẳng,Mỏng,Thưa,Ngắn,
Nâu,Nhỏ,Đen,15,Thấp,Thẳng,Mỏng,Thưa,Dài,
Nâu,Nhỏ,Nâu,19,Cao,Xoăn,Vừa,Rậm,Bẹt,
Đen,Vừa,Nâu,26,Lỗ mũi to,Thẳng,Vừa,Thưa,Bẹt,
Lam,To,Đen,19,Lỗ mũi to,Xoăn,Dày,Thưa,Bẹt,
Lam,Nhỏ,Đen,8,Lỗ mũi to,Lượn sóng,Dày,Thưa,Dài,
Đen,Nhỏ,Đỏ,28,Thấp,Thẳng,Vừa,Thưa,Dô,
Xám,To,Nâu,23,Cao,Thẳng,Dày,Thưa,Dài,
Nâu,Nhỏ,Nâu,22,Thấp,Thẳng,Dày,Thưa,Bẹt,
Đen,To,Nâu,28,Cao,Thẳng,Dày,Thưa,Bẹt,
Nâu,Nhỏ,Đỏ,22,Thấp,Xoăn,Vừa,Rậm,Bẹt,
Nâu,Nhỏ,Nâu,31,Gãy,Xoăn,Vừa,Thưa,Dài,
Nâu,Nhỏ,Vàng,24,Thấp,Xoăn,Mỏng,Rậm,Dài,
Nâu,Nhỏ,Nâu,26,Thấp,Xoăn,Vừa,Rậm,Bẹt,
Nâu,Nhỏ,Đen,27,Lỗ mũi to,Thẳng,Dày,Rậm,Ngắn,
Vàng,Nhỏ,Nâu,27,Cao,Thẳng,Mỏng,Rậm,Ngắn,
Đen,Nhỏ,Đỏ,15,Thấp,Lượn sóng,Vừa,Rậm,Dài,
Đen,Nhỏ,Nâu,21,Thấp,Xoăn,Dày,Thưa,Dài,
Đen,To,Nâu,25,Cao,Thẳng,Vừa,Rậm,Ngắn,
Xám,Nhỏ,Vàng,34,Thấp,Lượn sóng,Mỏng,Rậm,Bẹt,
Đen,Nhỏ,Nâu,30,Gãy,Xoăn,Mỏng,Thưa,Dài,
Nâu,Vừa,Nâu,22,Cao,Thẳng,Vừa,Rậm,Dô,
Nâu,To,Đen,31,Lỗ mũi to,Lượn sóng,Vừa,Rậm,Dô,
Nâu,To,Đen,19,Lỗ mũi to,Thẳng,Dày,Thưa,Dô,
Đen,Nhỏ,Nâu,13,Lỗ mũi to,Xoăn,Vừa,Thưa,Ngắn,
Nâu,To,Đen,26,Gãy,Lượn sóng,Dày,Rậm,Dô,
Nâu,To,Đen,12,Cao,Xoăn,Dày,Rậm,Bẹt,
Lam,Nhỏ,Đen,24,Lỗ mũi to,Thẳng,Mỏng,Rậm,Ngắn,
Nâu,Nhỏ,Đen,23,Cao,Thẳng,Vừa,Thưa,Dài,
Nâu,Nhỏ,Đen,24,Lỗ mũi to,Lượn sóng,Mỏng,Rậm,Dô,
Nâu,To,Vàng,22,Lỗ mũi to,Xoăn,Vừa,Rậm,Dô,
Đen,Nhỏ,Đen,15,Lỗ mũi to,Thẳng,Vừa,Thưa,Dô,
Đen,To,Vàng,19,Cao,Xoăn,Dày,Rậm,Bẹt,
Đen,Nhỏ,Đen,19,Lỗ mũi to,Thẳng,Dày,Thưa,Ngắn,
Đen,Nhỏ,Đen,20,Gãy,Thẳng,Vừa,Thưa,Bẹt,
Nâu,To,Đen,16,Lỗ mũi to,Lượn sóng,Mỏng,Rậm,Ngắn,
Đen,To,Nâu,23,Thấp,Thẳng,Dày,Rậm,Dài,
Đen,To,Đen,26,Thấp,Xoăn,Dày,Rậm,Dài,
Lam,Nhỏ,Đen,26,Cao,Lượn sóng,Vừa,Thưa,Ngắn,
Nâu,Nhỏ,Nâu,23,Cao,Xoăn,Vừa,Rậm,Dài,
Đen,To,Nâu,20,Thấp,Thẳng,Mỏng,Rậm,Dài,
Nâu,Nhỏ,Nâu,20,Thấp,Lượn sóng,Vừa,Thưa,Dô,
Nâu,To,Nâu,39,Lỗ mũi to,Xoăn,Dày,Thưa,Bẹt,
Đen,To,Nâu,6,Thấp,Lượn sóng,Mỏng,Thưa,Bẹt,
Nâu,Nhỏ,Nâu,18,Gãy,Xoăn,Mỏng,Rậm,Bẹt,
Nâu,Nhỏ,Nâu,23,Cao,Lượn sóng,Mỏng,Thưa,Ngắn,
Đen,Vừa,Nâu,22,Thấp,Xoăn,Mỏng,Thưa,Bẹt,
Nâu,Nhỏ,Nâu,23,Lỗ mũi to,Thẳng,Mỏng,Rậm,Dô,
Nâu,Nhỏ,Nâu,23,Lỗ mũi to,Xoăn,Dày,Rậm,Bẹt,
Lam,To,Nâu,20,Cao,Lượn sóng,Vừa,Rậm,Dài,
Nâu,To,Nâu,23,Thấp,Xoăn,Mỏng,Thưa,Ngắn,
Đen,Nhỏ,Nâu,16,Lỗ mũi to,Lượn sóng,Mỏng,Thưa,Dài,
Nâu,Nhỏ,Đen,27,Lỗ mũi to,Xoăn,Dày,Thưa,Bẹt,
Nâu,Vừa,Nâu,20,Cao,Thẳng,Vừa,Rậm,Dô,
Đen,Nhỏ,Đen,13,Gãy,Lượn sóng,Vừa,Thưa,Bẹt,
Nâu,To,Đen,32,Lỗ mũi to,Xoăn,Mỏng,Rậm,Dài,
Lam,Nhỏ,Vàng,14,Lỗ mũi to,Thẳng,Mỏng,Rậm,Dài,
Nâu,To,Đỏ,23,Thấp,Thẳng,Vừa,Thưa,Bẹt,
Vàng,To,Nâu,25,Lỗ mũi to,Xoăn,Mỏng,Rậm,Bẹt,
Nâu,Vừa,Nâu,26,Lỗ mũi to,Thẳng,Dày,Thưa,Bẹt,
Nâu,Nhỏ,Nâu,16,Lỗ mũi to,Xoăn,Vừa,Thưa,Dài,
Lam,Nhỏ,Đen,31,Cao,Thẳng,Vừa,Rậm,Dô,
Đen,To,Vàng,24,Lỗ mũi to,Xoăn,Mỏng,Rậm,Bẹt,
Nâu,Nhỏ,Nâu,25,Thấp,Lượn sóng,Dày,Rậm,Dài,
Đen,Nhỏ,Nâu,11,Gãy,Xoăn,Vừa,Rậm,Dài,
Nâu,To,Nâu,17,Thấp,Thẳng,Dày,Thưa,Bẹt,
Nâu,Nhỏ,Nâu,19,Gãy,Thẳng,Vừa,Rậm,Ngắn,
Xám,Nhỏ,Đen,28,Lỗ mũi to,Thẳng,Mỏng,Thưa,Bẹt,
Nâu,To,Nâu,33,Cao,Thẳng,Mỏng,Rậm,Ngắn,
Lam,To,Nâu,17,Lỗ mũi to,Xoăn,Mỏng,Thưa,Bẹt,
Nâu,To,Nâu,28,Thấp,Xoăn,Vừa,Thưa,Bẹt,
Nâu,Nhỏ,Nâu,14,Thấp,Xoăn,Mỏng,Rậm,Bẹt,
Nâu,Nhỏ,Đen,29,Cao,Lượn sóng,Vừa,Thưa,Bẹt,
Đen,To,Đen,13,Gãy,Lượn sóng,Vừa,Thưa,Dô,
Nâu,Nhỏ,Đỏ,20,Cao,Xoăn,Vừa,Thưa,Ngắn,
Xám,Nhỏ,Đen,15,Gãy,Lượn sóng,Vừa,Thưa,Bẹt,
Nâu,To,Nâu,27,Cao,Lượn sóng,Vừa,Rậm,Dài,
Nâu,To,Nâu,24,Gãy,Thẳng,Mỏng,Rậm,Bẹt,
Nâu,To,Nâu,13,Thấp,Thẳng,Vừa,Thưa,Dài,
Đen,To,Nâu,28,Gãy,Xoăn,Dày,Thưa,Dài,
Đen,Nhỏ,Nâu,17,Lỗ mũi to,Xoăn,Vừa,Rậm,Bẹt,
Đỏ,Nhỏ,Nâu,19,Lỗ mũi to,Xoăn,Dày,Thưa,Dài,
Nâu,Nhỏ,Nâu,27,Cao,Thẳng,Vừa,Thưa,Bẹt,
Đen,To,Nâu,15,Cao,Xoăn,Vừa,Rậm,Bẹt,
Đen,Nhỏ,Đen,13,Cao,Thẳng,Dày,Rậm,Bẹt,
Đen,To,Đen,16,Gãy,Thẳng,Dày,Thưa,Dô,
Nâu,Nhỏ,Nâu,25,Thấp,Thẳng,Vừa,Rậm,Bẹt,
Nâu,Nhỏ,Vàng,18,Cao,Thẳng,Mỏng,Rậm,Dài,
Nâu,Nhỏ,Nâu,17,Thấp,Thẳng,Dày,Thưa,Bẹt,
Đen,To,Vàng,14,Cao,Xoăn,Vừa,Thưa,Dài,
Đen,To,Nâu,23,Lỗ mũi to,Xoăn,Vừa,Thưa,Bẹt,
Nâu,Nhỏ,Nâu,17,Thấp,Xoăn,Dày,Thưa,Bẹt,
Đen,Nhỏ,Đen,21,Cao,Thẳng,Mỏng,Thưa,Bẹt,
Nâu,To,Đen,14,Thấp,Xoăn,Mỏng,Rậm,Dài,
Nâu,Nhỏ,Nâu,29,Thấp,Xoăn,Vừa,Rậm,Dô,
Nâu,Nhỏ,Đen,18,Lỗ mũi to,Xoăn,Dày,Rậm,Dài,
Nâu,Nhỏ,Nâu,6,Cao,Xoăn,Mỏng,Thưa,Bẹt,
Lam,To,Đen,14,Lỗ mũi to,Thẳng,Dày,Thưa,Bẹt,
Nâu,To,Nâu,7,Cao,Thẳng,Vừa,Thưa,Dô,
Lam,To,Nâu,10,Gãy,Xoăn,Dày,Rậm,Bẹt,
Nâu,To,Đỏ,23,Gãy,Thẳng,Vừa,Rậm,Dô,
Đen,Vừa,Nâu,18,Cao,Xoăn,Dày,Rậm,Bẹt,
Nâu,Nhỏ,Vàng,26,Gãy,Thẳng,Vừa,Rậm,Bẹt,
Xám,Nhỏ,Nâu,22,Cao,Lượn sóng,Dày,Thưa,Bẹt,
Đen,To,Đen,24,Gãy,Thẳng,Vừa,Thưa,Bẹt,
Nâu,Nhỏ,Đen,17,Lỗ mũi to,Xoăn,Mỏng,Rậm,Ngắn,
Đen,To,Nâu,22,Thấp,Xoăn,Mỏng,Thưa,Bẹt,
Lam,To,Vàng,23,Thấp,Xoăn,Vừa,Rậm,Bẹt,
Đen,Nhỏ,Vàng,12,Cao,Thẳng,Mỏng,Rậm,Dài,
Nâu,To,Đỏ,34,Thấp,Thẳng,Dày,Rậm,Dô,
Xám,Nhỏ,Nâu,28,Thấp,Thẳng,Dày,Rậm,Dài,
Đen,To,Nâu,13,Lỗ mũi to,Thẳng,Mỏng,Thưa,Bẹt,
Nâu,Nhỏ,Đen,23,Cao,Xoăn,Mỏng,Rậm,Ngắn,
Xám,Nhỏ,Đỏ,18,Cao,Thẳng,Vừa,Rậm,Bẹt,
Nâu,To,Đen,30,Gãy,Xoăn,Vừa,Thưa,Dài,
Nâu,Vừa,Đen,31,Gãy,Xoăn,Vừa,Rậm,Dô,
Nâu,Nhỏ,Vàng,41,Thấp,Lượn sóng,Vừa,Thưa,Bẹt,
Đen,To,Nâu,17,Thấp,Lượn sóng,Mỏng,Thưa,Bẹt,
Nâu,To,Nâu,22,Thấp,Xoăn,Vừa,Rậm,Ngắn,
Đen,Vừa,Nâu,14,Lỗ mũi to,Xoăn,Dày,Rậm,Bẹt,
Đen,Nhỏ,Nâu,25,Gãy,Lượn sóng,Mỏng,Thưa,Dô,
Xám,To,Nâu,16,Cao,Thẳng,Vừa,Rậm,Bẹt,
Lam,Nhỏ,Đen,30,Thấp,Thẳng,Vừa,Rậm,Bẹt,
Đen,Nhỏ,Nâu,28,Thấp,Xoăn,Mỏng,Thưa,Bẹt,
Nâu,Nhỏ,Đen,17,Thấp,Xoăn,Mỏng,Thưa,Dài,
Xám,Nhỏ,Nâu,23,Cao,Xoăn,Dày,Thưa,Bẹt,
Nâu,Nhỏ,Đen,19,Thấp,Thẳng,Mỏng,Rậm,Bẹt,
Nâu,Nhỏ,Đen,23,Lỗ mũi to,Thẳng,Vừa,Thưa,Ngắn,
Đen,To,Nâu,15,Thấp,Thẳng,Vừa,Rậm,Ngắn,
Nâu,Nhỏ,Nâu,19,Lỗ mũi to,Xoăn,Dày,Rậm,Bẹt,
Đen,Nhỏ,Nâu,15,Lỗ mũi to,Xoăn,Vừa,Thưa,Ngắn,
Đen,To,Đen,26,Thấp,Lượn sóng,Mỏng,Rậm,Ngắn,
Nâu,Nhỏ,Vàng,25,Gãy,Lượn sóng,Mỏng,Thưa,Dô,
Lam,Nhỏ,Nâu,16,Lỗ mũi to,Thẳng,Mỏng,Rậm,Dài,
Nâu,Nhỏ,Nâu,26,Cao,Thẳng,Vừa,Thưa,Ngắn,
Nâu,Nhỏ,Đen,21,Lỗ mũi to,Thẳng,Dày,Rậm,Dài,
Đen,Nhỏ,Nâu,23,Thấp,Thẳng,Mỏng,Thưa,Dài,
Nâu,Nhỏ,Đen,17,Thấp,Thẳng,Vừa,Rậm,Dài,
Nâu,Nhỏ,Nâu,24,Lỗ mũi to,Thẳng,Vừa,Thưa,Bẹt,
Đen,Nhỏ,Vàng,19,Gãy,Xoăn,Dày,Thưa,Dô,
Đen,Nhỏ,Đen,27,Thấp,Xoăn,Vừa,Thưa,Dô,
Đen,Vừa,Đen,27,Cao,Xoăn,Mỏng,Thưa,Bẹt,
Nâu,To,Nâu,24,Thấp,Xoăn,Vừa,Thưa,Bẹt,
Đen,Nhỏ,Đen,28,Thấp,Xoăn,Mỏng,Rậm,Bẹt,
Nâu,Nhỏ,Nâu,26,Thấp,Xoăn,Dày,Thưa,Bẹt,
Nâu,Nhỏ,Nâu,27,Gãy,Thẳng,Mỏng,Rậm,Ngắn,
Nâu,Nhỏ,Đen,32,Gãy,Thẳng,Dày,Rậm,Bẹt,
Nâu,Nhỏ,Nâu,16,Gãy,Lượn sóng,Vừa,Rậm,Ngắn,
Lam,To,Vàng,20,Lỗ mũi to,Thẳng,Dày,Rậm,Bẹt,
Đen,To,Nâu,19,Cao,Thẳng,Mỏng,Thưa,Bẹt,
Đen,Nhỏ,Đen,25,Lỗ mũi to,Xoăn,Dày,Rậm,Bẹt,
Nâu,Nhỏ,Vàng,12,Gãy,Thẳng,Vừa,Rậm,Bẹt,
Đen,To,Nâu,19,Lỗ mũi to,Xoăn,Dày,Thưa,Dô,
Lam,Nhỏ,Nâu,15,Cao,Lượn sóng,Dày,Rậm,Bẹt,
Đen,Nhỏ,Nâu,20,Thấp,Thẳng,Dày,Rậm,Ngắn,
Xám,Nhỏ,Vàng,26,Cao,Xoăn,Vừa,Thưa,Dài,
Đen,Nhỏ,Nâu,24,Cao,Thẳng,Vừa,Thưa,Dài,
Đen,To,Nâu,22,Cao,Xoăn,Mỏng,Rậm,Dài,
Nâu,Vừa,Nâu,19,Cao,Lượn sóng,Mỏng,Rậm,Bẹt,
Nâu,Nhỏ,Nâu,22,Thấp,Lượn sóng,Vừa,Thưa,Ngắn,
Nâu,Nhỏ,Nâu,25,Lỗ mũi to,Thẳng,Dày,Rậm,Bẹt,
Nâu,Nhỏ,Vàng,24,Thấp,Thẳng,Vừa,Rậm,Bẹt,
Nâu,To,Nâu,27,Lỗ mũi to,Xoăn,Mỏng,Thưa,Dài,
Đen,To,Đỏ,14,Lỗ mũi to,Thẳng,Dày,Rậm,Bẹt,
Nâu,Nhỏ,Đen,30,Cao,Thẳng,Dày,Rậm,Bẹt,
Đen,Nhỏ,Nâu,13,Lỗ mũi to,Thẳng,Mỏng,Thưa,Bẹt,
Lam,To,Nâu,27,Thấp,Xoăn,Vừa,Rậm,Dô,
Đen,Nhỏ,Nâu,18,Lỗ mũi to,Xoăn,Dày,Rậm,Dô,
Nâu,Nhỏ,Đen,5,Gãy,Xoăn,Dày,Thưa,Ngắn,
Nâu,To,Đen,11,Thấp,Lượn sóng,Vừa,Rậm,Ngắn,
Nâu,Nhỏ,Nâu,18,Thấp,Xoăn,Dày,Thưa,Bẹt,
Đen,Nhỏ,Đen,22,Thấp,Lượn sóng,Mỏng,Rậm,Ngắn,
Lam,To,Đen,21,Thấp,Xoăn,Dày,Rậm,Dô,
Nâu,Nhỏ,Nâu,31,Thấp,Lượn sóng,Vừa,Rậm,Dài,
Đen,To,Nâu,24,Lỗ mũi to,Xoăn,Vừa,Thưa,Ngắn,
Đen,Nhỏ,Đen,28,Thấp,Thẳng,Vừa,Thưa,Dài,
Xám,Vừa,Đen,19,Gãy,Thẳng,Dày,Rậm,Bẹt,
Nâu,To,Nâu,19,Lỗ mũi to,Lượn sóng,Dày,Thưa,Ngắn,
Nâu,To,Nâu,26,Lỗ mũi to,Xoăn,Mỏng,Thưa,Ngắn,
Nâu,Nhỏ,Vàng,26,Lỗ mũi to,Xoăn,Mỏng,Thưa,Dài,
Đen,To,Đỏ,29,Thấp,Thẳng,Dày,Rậm,Bẹt,
Nâu,To,Nâu,26,Lỗ mũi to,Lượn sóng,Vừa,Thưa,Bẹt,
Đen,To,Nâu,21,Lỗ mũi to,Thẳng,Vừa,Thưa,Bẹt,
Nâu,Vừa,Đỏ,26,Lỗ mũi to,Lượn sóng,Vừa,Rậm,Ngắn,
Lam,To,Vàng,17,Thấp,Xoăn,Vừa,Thưa,Bẹt,
Đen,To,Đen,28,Thấp,Xoăn,Mỏng,Thưa,Dài,
Vàng,To,Đen,26,Cao,Thẳng,Dày,Rậm,Dô,
Đỏ,Nhỏ,Nâu,16,Cao,Xoăn,Dày,Thưa,Ngắn,
Lam,Nhỏ,Nâu,18,Gãy,Lượn sóng,Vừa,Rậm,Bẹt,
Nâu,To,Nâu,20,Lỗ mũi to,Thẳng,Vừa,Thưa,Bẹt,
Nâu,Vừa,Đen,14,Gãy,Lượn sóng,Vừa,Thưa,Dô,
Lam,Nhỏ,Đen,16,Thấp,Lượn sóng,Vừa,Thưa,Bẹt,
Đen,To,Đen,12,Gãy,Thẳng,Dày,Rậm,Bẹt,
Nâu,To,Vàng,15,Gãy,Thẳng,Vừa,Rậm,Dô,
Đen,To,Nâu,17,Lỗ mũi to,Xoăn,Mỏng,Rậm,Dài,
Đen,Nhỏ,Nâu,33,Cao,Lượn sóng,Dày,Thưa,Ngắn,
Đen,Nhỏ,Nâu,26,Thấp,Lượn sóng,Vừa,Thưa,Dô,
Nâu,Nhỏ,Đen,15,Thấp,Lượn sóng,Vừa,Rậm,Dài,
Nâu,Nhỏ,Nâu,24,Lỗ mũi to,Thẳng,Dày,Rậm,Dài,
Đen,Nhỏ,Nâu,18,Thấp,Lượn sóng,Mỏng,Thưa,Bẹt,
Nâu,Vừa,Đen,21,Thấp,Thẳng,Mỏng,Rậm,Bẹt,
Nâu,Vừa,Nâu,22,Thấp,Thẳng,Dày,Thưa,Dô,
Nâu,Nhỏ,Nâu,25,Cao,Thẳng,Vừa,Thưa,Bẹt,
Đen,To,Đen,18,Gãy,Thẳng,Dày,Rậm,Dô,
Đen,Nhỏ,Đen,20,Cao,Thẳng,Dày,Thưa,Bẹt,
Đen,Vừa,Nâu,13,Cao,Xoăn,Mỏng,Rậm,Bẹt,
Lam,Nhỏ,Đen,24,Gãy,Thẳng,Vừa,Rậm,Bẹt,
Đen,To,Lam,14,Lỗ mũi to,Xoăn,Mỏng,Rậm,Bẹt,
Đen,Nhỏ,Đen,14,Thấp,Thẳng,Dày,Thưa,Dài,
Nâu,To,Vàng,23,Thấp,Xoăn,Vừa,Thưa,Ngắn,
Nâu,To,Đen,10,Lỗ mũi to,Lượn sóng,Mỏng,Thưa,Dô,
Lam,To,Đen,14,Lỗ mũi to,Thẳng,Vừa,Thưa,Dài,
Nâu,Nhỏ,Nâu,24,Lỗ mũi to,Thẳng,Vừa,Rậm,Bẹt,
Đen,Nhỏ,Nâu,28,Thấp,Xoăn,Dày,Rậm,Dài,
Lam,Nhỏ,Đen,23,Thấp,Lượn sóng,Mỏng,Thưa,Dài,
Đen,Nhỏ,Nâu,11,Lỗ mũi to,Thẳng,Mỏng,Rậm,Dài,
Lam,Nhỏ,Vàng,28,Cao,Thẳng,Vừa,Rậm,Dài,
Nâu,Nhỏ,Đen,16,Lỗ mũi to,Xoăn,Vừa,Rậm,Dài,
Lam,To,Nâu,14,Cao,Xoăn,Dày,Rậm,Ngắn,
Nâu,To,Đen,27,Cao,Xoăn,Dày,Rậm,Dài,
Nâu,Nhỏ,Nâu,18,Gãy,Xoăn,Mỏng,Rậm,Dài,
Nâu,To,Đen,14,Cao,Thẳng,Dày,Rậm,Bẹt,
Đen,Nhỏ,Nâu,25,Lỗ mũi to,Xoăn,Vừa,Rậm,Dài,
Đen,Nhỏ,Nâu,8,Cao,Lượn sóng,Vừa,Rậm,Bẹt,
Nâu,Vừa,Nâu,16,Thấp,Thẳng,Dày,Thưa,Bẹt,
Lam,To,Nâu,29,Cao,Lượn sóng,Vừa,Rậm,Bẹt,
Nâu,Vừa,Nâu,16,Cao,Xoăn,Vừa,Rậm,Bẹt,
Lam,Nhỏ,Đen,31,Thấp,Thẳng,Mỏng,Thưa,Dài,
Đen,Nhỏ,Lam,30,Cao,Thẳng,Dày,Rậm,Bẹt,
Đen,Nhỏ,Nâu,16,Thấp,Thẳng,Vừa,Thưa,Dài,
Nâu,To,Nâu,29,Lỗ mũi to,Thẳng,Mỏng,Rậm,Dô,
Nâu,To,Nâu,23,Lỗ mũi to,Xoăn,Dày,Rậm,Bẹt,
Lam,Nhỏ,Đen,15,Lỗ mũi to,Thẳng,Vừa,Thưa,Bẹt,
Nâu,To,Nâu,25,Cao,Thẳng,Dày,Rậm,Dài,
Nâu,To,Đen,23,Lỗ mũi to,Thẳng,Mỏng,Rậm,Dài,
Đen,To,Đen,21,Cao,Xoăn,Vừa,Rậm,Bẹt,
Đen,Nhỏ,Vàng,24,Cao,Thẳng,Mỏng,Rậm,Dô,
Nâu,Nhỏ,Vàng,8,Thấp,Lượn sóng,Dày,Thưa,Dài,
Xám,To,Nâu,27,Lỗ mũi to,Thẳng,Mỏng,Rậm,Dài,
Đen,Nhỏ,Vàng,25,Thấp,Xoăn,Dày,Thưa,Bẹt,
Nâu,To,Đen,22,Thấp,Thẳng,Dày,Thưa,Bẹt,
Đen,Nhỏ,Đen,23,Lỗ mũi to,Xoăn,Dày,Thưa,Bẹt,
Nâu,Nhỏ,Đen,17,Thấp,Thẳng,Vừa,Thưa,Bẹt,
Nâu,Nhỏ,Nâu,18,Gãy,Lượn sóng,Dày,Thưa,Dô,
Lam,Nhỏ,Vàng,10,Lỗ mũi to,Thẳng,Mỏng,Rậm,Bẹt,
Vàng,Nhỏ,Nâu,23,Thấp,Lượn sóng,Vừa,Thưa,Bẹt,
Đen,To,Nâu,13,Lỗ mũi to,Thẳng,Dày,Thưa,Ngắn,
Nâu,To,Nâu,12,Lỗ mũi to,Xoăn,Mỏng,Thưa,Dô,
Vàng,To,Đen,15,Thấp,Lượn sóng,Mỏng,Thưa,Bẹt,
Đen,Nhỏ,Nâu,32,Cao,Xoăn,Mỏng,Thưa,Dài,
Nâu,Vừa,Nâu,29,Thấp,Thẳng,Mỏng,Rậm,Dài,
Nâu,Nhỏ,Lam,29,Lỗ mũi to,Thẳng,Mỏng,Rậm,Ngắn,
Lam,Nhỏ,Vàng,14,Lỗ mũi to,Xoăn,Vừa,Thưa,Bẹt,
Nâu,Nhỏ,Vàng,19,Lỗ mũi to,Thẳng,Vừa,Thưa,Bẹt,
Nâu,Nhỏ,Đen,25,Cao,Xoăn,Dày,Thưa,Bẹt,
Nâu,Nhỏ,Đỏ,24,Thấp,Thẳng,Dày,Rậm,Dài,
Xám,To,Nâu,25,Thấp,Xoăn,Dày,Thưa,Bẹt,
Nâu,Nhỏ,Đen,22,Cao,Xoăn,Vừa,Thưa,Ngắn,
Nâu,Nhỏ,Nâu,13,Gãy,Thẳng,Dày,Rậm,Bẹt,
Nâu,To,Đen,24,Gãy,Xoăn,Vừa,Rậm,Ngắn,
Đen,To,Đen,18,Thấp,Lượn sóng,Vừa,Rậm,Bẹt,
Đen,To,Nâu,21,Lỗ mũi to,Xoăn,Mỏng,Thưa,Bẹt,
Đen,Nhỏ,Nâu,17,Thấp,Lượn sóng,Vừa,Rậm,Dô,
Nâu,Nhỏ,Nâu,17,Lỗ mũi to,Xoăn,Vừa,Thưa,Bẹt,
Lam,Nhỏ,Đỏ,25,Cao,Xoăn,Vừa,Rậm,Dô,
Nâu,Nhỏ,Đen,25,Cao,Xoăn,Vừa,Thưa,Dài,
Nâu,Nhỏ,Nâu,19,Thấp,Xoăn,Vừa,Thưa,Bẹt,
Lam,Nhỏ,Đen,28,Thấp,Xoăn,Vừa,Thưa,Ngắn,
Nâu,Nhỏ,Nâu,16,Lỗ mũi to,Xoăn,Dày,Rậm,Bẹt,
Đen,Nhỏ,Nâu,22,Gãy,Thẳng,Dày,Thưa,Dài,
Đen,To,Nâu,23,Thấp,Xoăn,Vừa,Thưa,Bẹt,
Nâu,Nhỏ,Đen,9,Gãy,Xoăn,Mỏng,Thưa,Dài,
Đen,To,Nâu,26,Lỗ mũi to,Lượn sóng,Mỏng,Rậm,Bẹt,
Nâu,Nhỏ,Đen,12,Thấp,Xoăn,Mỏng,Thưa,Dô,
Lam,Vừa,Vàng,24,Cao,Thẳng,Vừa,Thưa,Dô,
Nâu,To,Nâu,18,Lỗ mũi to,Lượn sóng,Mỏng,Rậm,Bẹt,
Nâu,To,Đen,23,Thấp,Xoăn,Mỏng,Thưa,Dô,
Xám,To,Nâu,16,Cao,Xoăn,Mỏng,Rậm,Dô,
Nâu,To,Nâu,24,Cao,Xoăn,Vừa,Thưa,Dài,
Lam,To,Đen,28,Lỗ mũi to,Xoăn,Vừa,Rậm,Bẹt,
Đen,To,Đen,19,Thấp,Xoăn,Vừa,Rậm,Dô,
Vàng,To,Nâu,25,Lỗ mũi to,Lượn sóng,Vừa,Thưa,Bẹt,
Đen,Nhỏ,Nâu,10,Cao,Xoăn,Mỏng,Thưa,Dài,
Xám,Nhỏ,Nâu,29,Thấp,Xoăn,Dày,Rậm,Dô,
Xám,To,Vàng,24,Thấp,Xoăn,Mỏng,Rậm,Dô,
Đen,Nhỏ,Đen,25,Lỗ mũi to,Thẳng,Mỏng,Thưa,Bẹt,
Nâu,Nhỏ,Nâu,26,Gãy,Thẳng,Dày,Thưa,Bẹt,
Lam,Vừa,Nâu,30,Cao,Lượn sóng,Vừa,Thưa,Dài,
Đen,To,Nâu,28,Cao,Xoăn,Vừa,Rậm,Dô,
Vàng,To,Nâu,36,Thấp,Xoăn,Dày,Rậm,Bẹt,
Nâu,Nhỏ,Nâu,14,Cao,Lượn sóng,Mỏng,Rậm,Dô,
Nâu,Nhỏ,Nâu,27,Gãy,Thẳng,Vừa,Rậm,Ngắn,
Nâu,Nhỏ,Nâu,21,Gãy,Lượn sóng,Vừa,Rậm,Bẹt,
Đen,Nhỏ,Nâu,27,Cao,Thẳng,Mỏng,Rậm,Ngắn,
Nâu,Nhỏ,Nâu,20,Cao,Thẳng,Mỏng,Rậm,Dô,
Nâu,To,Vàng,37,Gãy,Thẳng,Mỏng,Rậm,Dài,
Nâu,Nhỏ,Nâu,25,Cao,Thẳng,Vừa,Rậm,Dài,
Đen,To,Đen,18,Lỗ mũi to,Lượn sóng,Mỏng,Thưa,Dô,
Đen,Nhỏ,Đen,17,Thấp,Thẳng,Mỏng,Thưa,Dô,
Đen,Nhỏ,Nâu,31,Lỗ mũi to,Thẳng,Mỏng,Rậm,Ngắn,
Nâu,To,Đen,19,Gãy,Thẳng,Dày,Rậm,Bẹt,
Nâu,Vừa,Nâu,19,Thấp,Xoăn,Vừa,Rậm,Bẹt,
Nâu,To,Đen,28,Lỗ mũi to,Thẳng,Mỏng,Thưa,Dô,
Nâu,Nhỏ,Đen,19,Lỗ mũi to,Thẳng,Dày,Thưa,Dài,
Nâu,Nhỏ,Nâu,13,Thấp,Xoăn,Vừa,Rậm,Dài,
Nâu,Nhỏ,Đen,21,Lỗ mũi to,Xoăn,Dày,Rậm,Bẹt,
Nâu,Nhỏ,Nâu,7,Thấp,Lượn sóng,Vừa,Thưa,Dô,
Xám,To,Nâu,19,Thấp,Thẳng,Vừa,Rậm,Dô,
Đen,To,Nâu,17,Cao,Thẳng,Dày,Thưa,Ngắn,
Nâu,Nhỏ,Nâu,22,Cao,Xoăn,Vừa,Rậm,Bẹt,
Đen,To,Đen,30,Cao,Xoăn,Vừa,Thưa,Ngắn,
Đen,Nhỏ,Nâu,15,Cao,Lượn sóng,Vừa,Thưa,Bẹt,
Đen,Nhỏ,Nâu,23,Cao,Xoăn,Mỏng,Thưa,Bẹt,
Nâu,Nhỏ,Nâu,21,Cao,Thẳng,Vừa,Rậm,Bẹt,
Lam,Vừa,Đen,21,Gãy,Thẳng,Vừa,Rậm,Ngắn,
Đen,Nhỏ,Nâu,20,Thấp,Xoăn,Vừa,Thưa,Dô,
Lục,Nhỏ,Đen,23,Thấp,Xoăn,Vừa,Thưa,Bẹt,
Lam,Nhỏ,Vàng,23,Gãy,Lượn sóng,Mỏng,Thưa,Bẹt,
Nâu,To,Nâu,22,Thấp,Xoăn,Mỏng,Thưa,Bẹt,
Nâu,Nhỏ,Nâu,21,Gãy,Thẳng,Mỏng,Rậm,Bẹt,
Đen,Vừa,Đen,29,Lỗ mũi to,Xoăn,Mỏng,Thưa,Bẹt,
Nâu,Nhỏ,Nâu,21,Lỗ mũi to,Xoăn,Vừa,Thưa,Ngắn,
Đen,Vừa,Vàng,17,Thấp,Thẳng,Mỏng,Thưa,Bẹt,
Nâu,Nhỏ,Vàng,20,Gãy,Lượn sóng,Vừa,Thưa,Bẹt,
Đen,To,Đen,15,Thấp,Xoăn,Mỏng,Thưa,Dài,
Nâu,To,Đen,19,Gãy,Xoăn,Vừa,Rậm,Dô,
Nâu,Nhỏ,Đen,16,Gãy,Thẳng,Mỏng,Rậm,Bẹt,
Đen,Nhỏ,Đen,28,Lỗ mũi to,Xoăn,Vừa,Thưa,Dài,
Nâu,To,Vàng,30,Gãy,Lượn sóng,Vừa,Thưa,Bẹt,
Nâu,Nhỏ,Nâu,21,Cao,Thẳng,Vừa,Rậm,Ngắn,
Đen,To,Đen,29,Cao,Thẳng,Vừa,Thưa,Dài,
Nâu,Nhỏ,Đỏ,22,Cao,Lượn sóng,Dày,Thưa,Dài,
Đen,Nhỏ,Đen,33,Thấp,Xoăn,Mỏng,Rậm,Bẹt,
Nâu,Nhỏ,Đen,19,Thấp,Lượn sóng,Mỏng,Rậm,Dài,
Nâu,Vừa,Vàng,6,Cao,Lượn sóng,Mỏng,Thưa,Dô,
Đen,Nhỏ,Nâu,19,Thấp,Xoăn,Mỏng,Rậm,Dô,
Xám,Vừa,Nâu,22,Thấp,Thẳng,Dày,Rậm,Dô,
Nâu,Nhỏ,Nâu,15,Thấp,Xoăn,Mỏng,Thưa,Dài,
Đen,To,Đen,24,Thấp,Thẳng,Vừa,Rậm,Dô,
Nâu,Vừa,Nâu,20,Thấp,Lượn sóng,Mỏng,Rậm,Dài,
Nâu,Nhỏ,Đen,19,Thấp,Xoăn,Vừa,Rậm,Dài,
Nâu,Nhỏ,Nâu,41,Thấp,Xoăn,Vừa,Rậm,Bẹt,
Đen,Nhỏ,Nâu,11,Cao,Xoăn,Vừa,Rậm,Ngắn,
Đen,Nhỏ,Nâu,24,Lỗ mũi to,Xoăn,Mỏng,Thưa,Bẹt,
Đen,Nhỏ,Nâu,22,Cao,Xoăn,Dày,Rậm,Dô,
Nâu,Nhỏ,Nâu,38,Thấp,Lượn sóng,Vừa,Rậm,Dài,
Đen,Nhỏ,Vàng,17,Cao,Thẳng,Vừa,Rậm,Bẹt,
Lam,Nhỏ,Đen,21,Gãy,Xoăn,Dày,Thưa,Dô,
Nâu,To,Nâu,34,Cao,Xoăn,Vừa,Thưa,Ngắn,
Nâu,To,Đen,26,Lỗ mũi to,Thẳng,Vừa,Thưa,Bẹt,
Nâu,To,Nâu,22,Thấp,Xoăn,Mỏng,Thưa,Dài,
Đen,To,Đen,27,Gãy,Thẳng,Dày,Rậm,Ngắn,
Đen,To,Nâu,19,Thấp,Thẳng,Vừa,Rậm,Dài,
Nâu,To,Đen,27,Thấp,Thẳng,Mỏng,Rậm,Bẹt,
Đen,Nhỏ,Đen,19,Gãy,Thẳng,Vừa,Rậm,Dài,
Nâu,Nhỏ,Đen,19,Lỗ mũi to,Xoăn,Dày,Rậm,Ngắn,
Đen,To,Nâu,39,Cao,Xoăn,Mỏng,Thưa,Bẹt,
Nâu,To,Đen,21,Cao,Thẳng,Mỏng,Rậm,Ngắn,
Nâu,To,Đen,24,Lỗ mũi to,Xoăn,Dày,Rậm,Dài,
Nâu,Nhỏ,Nâu,16,Cao,Lượn sóng,Dày,Thưa,Bẹt,
Nâu,Vừa,Nâu,24,Lỗ mũi to,Lượn sóng,Dày,Rậm,Ngắn,
Đen,To,Vàng,13,Cao,Thẳng,Mỏng,Thưa,Bẹt,
Đen,Nhỏ,Đỏ,19,Gãy,Xoăn,Mỏng,Rậm,Dài,
Tím,To,Đen,22,Thấp,Thẳng,Vừa,Thưa,Ngắn,
Xám,Nhỏ,Nâu,24,Lỗ mũi to,Lượn sóng,Mỏng,Rậm,Bẹt,
Nâu,Vừa,Đen,27,Lỗ mũi to,Xoăn,Mỏng,Thưa,Bẹt,
Lam,Nhỏ,Nâu,18,Cao,Xoăn,Mỏng,Thưa,Dô,
Nâu,Vừa,Nâu,19,Lỗ mũi to,Xoăn,Dày,Rậm,Bẹt,
Đen,Nhỏ,Nâu,26,Gãy,Thẳng,Dày,Thưa,Dài,
Nâu,To,Nâu,26,Cao,Lượn sóng,Dày,Rậm,Bẹt,
Lam,To,Nâu,24,Cao,Xoăn,Vừa,Thưa,Dài,
Đen,To,Vàng,20,Lỗ mũi to,Thẳng,Dày,Rậm,Ngắn,
Nâu,Vừa,Đen,18,Thấp,Lượn sóng,Mỏng,Rậm,Bẹt,
Nâu,Nhỏ,Đen,17,Thấp,Thẳng,Vừa,Thưa,Dài,
Đen,To,Đen,31,Gãy,Thẳng,Mỏng,Thưa,Bẹt,
Nâu,To,Nâu,18,Cao,Thẳng,Dày,Rậm,Dài,
Nâu,Nhỏ,Đen,23,Lỗ mũi to,Xoăn,Vừa,Rậm,Bẹt,
Nâu,Nhỏ,Nâu,20,Cao,Thẳng,Mỏng,Thưa,Bẹt,
Đen,To,Đỏ,16,Gãy,Xoăn,Dày,Thưa,Dô,
Đen,Vừa,Đen,16,Thấp,Xoăn,Dày,Thưa,Dài,
Đen,To,Nâu,22,Lỗ mũi to,Xoăn,Vừa,Thưa,Dài,
Lam,To,Đỏ,22,Gãy,Thẳng,Dày,Thưa,Bẹt,
Nâu,To,Vàng,19,Lỗ mũi to,Lượn sóng,Mỏng,Thưa,Bẹt,
Nâu,To,Nâu,19,Lỗ mũi to,Lượn sóng,Vừa,Rậm,Ngắn,
Nâu,To,Đen,25,Thấp,Lượn sóng,Dày,Rậm,Bẹt,
Đen,To,Nâu,5,Thấp,Lượn sóng,Dày,Rậm,Bẹt,
Nâu,To,Nâu,28,Cao,Xoăn,Mỏng,Rậm,Ngắn,
Nâu,To,Nâu,20,Gãy,Thẳng,Vừa,Rậm,Dài,
Đen,Nhỏ,Nâu,23,Thấp,Xoăn,Mỏng,Thưa,Dô,
Nâu,Nhỏ,Đen,17,Thấp,Thẳng,Vừa,Rậm,Bẹt,
Nâu,Nhỏ,Đen,11,Gãy,Lượn sóng,Mỏng,Thưa,Bẹt,
Xám,To,Nâu,18,Thấp,Xoăn,Vừa,Rậm,Bẹt,
Đen,To,Lam,33,Gãy,Thẳng,Vừa,Rậm,Bẹt,
Lam,Nhỏ,Đen,18,Thấp,Thẳng,Dày,Rậm,Ngắn,
Nâu,Nhỏ,Nâu,17,Lỗ mũi to,Xoăn,Dày,Rậm,Ngắn,
Nâu,To,Vàng,25,Thấp,Lượn sóng,Vừa,Thưa,Dài,
Đen,To,Nâu,24,Gãy,Lượn sóng,Vừa,Thưa,Dài,
Đen,Nhỏ,Nâu,21,Thấp,Xoăn,Vừa,Rậm,Dô,
Đen,Nhỏ,Đen,25,Thấp,Xoăn,Vừa,Thưa,Ngắn,
Đen,Nhỏ,Đen,37,Cao,Thẳng,Vừa,Thưa,Dài,
Đen,Nhỏ,Đen,19,Thấp,Lượn sóng,Mỏng,Thưa,Dài,
Nâu,To,Nâu,23,Lỗ mũi to,Thẳng,Mỏng,Thưa,Dô,
Đen,To,Vàng,10,Thấp,Xoăn,Mỏng,Thưa,Bẹt,
Đen,Vừa,Đen,27,Thấp,Xoăn,Dày,Thưa,Bẹt,
Nâu,To,Đen,31,Thấp,Xoăn,Vừa,Thưa,Bẹt,
Đen,Nhỏ,Nâu,30,Lỗ mũi to,Xoăn,Dày,Thưa,Ngắn,
Đen,Nhỏ,Vàng,24,Thấp,Thẳng,Mỏng,Thưa,Bẹt,
Nâu,To,Đen,31,Thấp,Thẳng,Mỏng,Thưa,Dô,
Nâu,To,Nâu,22,Gãy,Lượn sóng,Vừa,Thưa,Dô,
Đen,To,Đen,23,Lỗ mũi to,Thẳng,Mỏng,Rậm,Bẹt,
Đen,To,Nâu,19,Lỗ mũi to,Xoăn,Dày,Rậm,Bẹt,
Nâu,To,Đen,22,Cao,Thẳng,Vừa,Thưa,Dài,
Nâu,Nhỏ,Đen,14,Thấp,Thẳng,Mỏng,Rậm,Bẹt,
Xám,Nhỏ,Vàng,25,Thấp,Xoăn,Vừa,Rậm,Bẹt,
Xám,Nhỏ,Vàng,16,Thấp,Xoăn,Vừa,Rậm,Bẹt,
Lam,Nhỏ,Đen,29,Cao,Xoăn,Dày,Rậm,Dô,
Xám,To,Nâu,21,Gãy,Xoăn,Vừa,Rậm,Bẹt,
Nâu,Nhỏ,Đen,23,Thấp,Lượn sóng,Dày,Rậm,Bẹt,
Xám,To,Đen,23,Gãy,Thẳng,Mỏng,Thưa,Bẹt,
Nâu,Vừa,Nâu,26,Lỗ mũi to,Xoăn,Vừa,Rậm,Ngắn,
Nâu,Nhỏ,Vàng,19,Lỗ mũi to,Xoăn,Dày,Thưa,Dài,
Đen,To,Đen,18,Thấp,Xoăn,Mỏng,Thưa,Dài,
Đen,Nhỏ,Lam,20,Lỗ mũi to,Xoăn,Dày,Thưa,Bẹt,
Đen,Nhỏ,Đen,26,Thấp,Thẳng,Mỏng,Thưa,Bẹt,
Nâu,To,Nâu,22,Thấp,Thẳng,Vừa,Thưa,Bẹt,
Xám,Vừa,Nâu,24,Thấp,Lượn sóng,Mỏng,Rậm,Dài,
Nâu,To,Nâu,16,Thấp,Lượn sóng,Vừa,Rậm,Ngắn,
Nâu,To,Đen,21,Thấp,Thẳng,Vừa,Rậm,Bẹt,
Đen,To,Đen,21,Thấp,Thẳng,Vừa,Thưa,Dô,
Nâu,Nhỏ,Đen,24,Lỗ mũi to,Thẳng,Mỏng,Thưa,Dài,
Nâu,Vừa,Đen,26,Thấp,Lượn sóng,Vừa,Thưa,Dô,
Xám,Vừa,Vàng,23,Cao,Thẳng,Vừa,Rậm,Bẹt,
Đen,To,Đỏ,11,Thấp,Xoăn,Mỏng,Thưa,Ngắn,
Xám,Nhỏ,Đen,29,Lỗ mũi to,Thẳng,Vừa,Thưa,Ngắn,
Đen,Nhỏ,Đen,22,Cao,Lượn sóng,Vừa,Thưa,Dài,
Nâu,Nhỏ,Đen,16,Thấp,Lượn sóng,Vừa,Rậm,Bẹt,
Nâu,Nhỏ,Nâu,28,Lỗ mũi to,Lượn sóng,Vừa,Rậm,Bẹt,
Nâu,Vừa,Đen,19,Cao,Xoăn,Vừa,Thưa,Dài,
Nâu,To,Đen,14,Thấp,Xoăn,Mỏng,Thưa,Dô,
Nâu,Nhỏ,Nâu,8,Lỗ mũi to,Lượn sóng,Dày,Thưa,Dô,
Nâu,To,Đen,25,Gãy,Xoăn,Dày,Rậm,Bẹt,
Đen,To,Nâu,14,Gãy,Thẳng,Vừa,Rậm,Dô,
Nâu,Nhỏ,Nâu,23,Thấp,Xoăn,Mỏng,Rậm,Bẹt,
Nâu,To,Nâu,22,Lỗ mũi to,Xoăn,Dày,Thưa,Bẹt,
Nâu,Nhỏ,Đen,35,Thấp,Xoăn,Vừa,Thưa,Dài,
Đen,Nhỏ,Nâu,20,Gãy,Xoăn,Dày,Rậm,Bẹt,
Xám,Nhỏ,Nâu,22,Cao,Thẳng,Dày,Rậm,Ngắn,
Nâu,Nhỏ,Đen,11,Cao,Xoăn,Vừa,Rậm,Dô,
Đen,To,Nâu,22,Lỗ mũi to,Xoăn,Vừa,Thưa,Dài,
Đen,To,Đen,17,Cao,Thẳng,Dày,Thưa,Bẹt,
Nâu,Nhỏ,Nâu,22,Gãy,Lượn sóng,Mỏng,Thưa,Bẹt,
Nâu,Vừa,Nâu,22,Thấp,Xoăn,Dày,Thưa,Dài,
Đen,To,Đen,30,Gãy,Xoăn,Mỏng,Rậm,Bẹt,
Lam,Vừa,Nâu,13,Thấp,Xoăn,Vừa,Thưa,Dài,
Nâu,To,Đen,18,Thấp,Xoăn,Mỏng,Thưa,Dô,
Đen,Vừa,Nâu,14,Cao,Lượn sóng,Vừa,Thưa,Dô,
Đen,Nhỏ,Đen,28,Cao,Xoăn,Dày,Thưa,Dô,
Đen,To,Đen,15,Thấp,Thẳng,Dày,Thưa,Dài,
Đen,Nhỏ,Đen,22,Thấp,Thẳng,Vừa,Thưa,Bẹt,
Đen,Nhỏ,Đen,19,Thấp,Thẳng,Mỏng,Thưa,Dô,
Nâu,Nhỏ,Đen,27,Thấp,Xoăn,Vừa,Rậm,Bẹt,
Nâu,Nhỏ,Nâu,23,Cao,Thẳng,Dày,Rậm,Dô,
Lam,Nhỏ,Đen,21,Gãy,Thẳng,Vừa,Thưa,Bẹt,
Đen,Vừa,Nâu,20,Lỗ mũi to,Xoăn,Vừa,Thưa,Dô,
Nâu,Vừa,Nâu,27,Cao,Xoăn,Vừa,Thưa,Bẹt,
Nâu,Nhỏ,Đen,28,Thấp,Thẳng,Dày,Thưa,Bẹt,
Nâu,Nhỏ,Nâu,20,Lỗ mũi to,Thẳng,Vừa,Rậm,Bẹt,
Đen,To,Đen,18,Lỗ mũi to,Xoăn,Dày,Rậm,Dô,
Lam,Nhỏ,Đen,22,Thấp,Thẳng,Vừa,Thưa,Bẹt,
Nâu,Nhỏ,Nâu,20,Cao,Lượn sóng,Vừa,Rậm,Dài,
Đen,To,Nâu,19,Lỗ mũi to,Xoăn,Mỏng,Rậm,Bẹt,
Đen,Vừa,Đen,20,Gãy,Xoăn,Vừa,Rậm,Ngắn,
Nâu,Nhỏ,Nâu,29,Thấp,Thẳng,Dày,Thưa,Ngắn,
Nâu,To,Nâu,19,Lỗ mũi to,Xoăn,Mỏng,Thưa,Ngắn,
Nâu,To,Nâu,25,Gãy,Thẳng,Vừa,Thưa,Dô,
Đen,To,Nâu,27,Thấp,Thẳng,Vừa,Thưa,Bẹt,
Đen,To,Nâu,25,Cao,Xoăn,Vừa,Rậm,Bẹt,
Đen,Nhỏ,Nâu,11,Cao,Thẳng,Dày,Rậm,Bẹt,
Lam,Vừa,Đen,23,Thấp,Thẳng,Dày,Rậm,Bẹt,
Nâu,To,Đen,18,Lỗ mũi to,Thẳng,Dày,Rậm,Bẹt,
Nâu,Vừa,Đen,6,Cao,Thẳng,Mỏng,Thưa,Ngắn,
Đen,To,Đen,21,Lỗ mũi to,Xoăn,Dày,Thưa,Bẹt,
Nâu,Nhỏ,Nâu,21,Thấp,Lượn sóng,Vừa,Thưa,Dô,
Lam,Nhỏ,Nâu,10,Cao,Xoăn,Mỏng,Rậm,Dô,
Lam,Nhỏ,Nâu,18,Thấp,Xoăn,Vừa,Rậm,Bẹt,
Đen,Nhỏ,Đen,27,Thấp,Xoăn,Dày,Thưa,Bẹt,
Vàng,Nhỏ,Đen,26,Cao,Thẳng,Dày,Rậm,Dài,
Nâu,To,Nâu,20,Thấp,Thẳng,Dày,Thưa,Dô,
Nâu,Nhỏ,Nâu,20,Lỗ mũi to,Xoăn,Mỏng,Rậm,Ngắn,
Vàng,To,Đen,12,Gãy,Thẳng,Vừa,Rậm,Ngắn,
Nâu,To,Đen,24,Cao,Xoăn,Mỏng,Rậm,Ngắn,
Đen,To,Đen,11,Lỗ mũi to,Xoăn,Dày,Thưa,Bẹt,
Nâu,To,Đen,26,Gãy,Thẳng,Dày,Rậm,Ngắn,
Nâu,Nhỏ,Đen,18,Gãy,Thẳng,Mỏng,Thưa,Bẹt,
Đen,To,Đen,27,Lỗ mũi to,Xoăn,Vừa,Rậm,Dô,
Nâu,To,Vàng,21,Gãy,Lượn sóng,Dày,Rậm,Dô,
Đen,Nhỏ,Nâu,20,Gãy,Xoăn,Dày,Rậm,Bẹt,
Nâu,To,Nâu,21,Cao,Thẳng,Mỏng,Rậm,Bẹt,
Đen,To,Đen,28,Gãy,Xoăn,Mỏng,Thưa,Bẹt,
Xám,To,Nâu,21,Cao,Xoăn,Dày,Rậm,Bẹt,
Nâu,To,Nâu,17,Lỗ mũi to,Xoăn,Vừa,Rậm,Dô,
Đen,To,Đen,12,Thấp,Xoăn,Mỏng,Rậm,Bẹt,
Nâu,To,Nâu,11,Thấp,Xoăn,Mỏng,Rậm,Ngắn,
Nâu,To,Nâu,2,Thấp,Thẳng,Vừa,Rậm,Bẹt,
Lam,Nhỏ,Đen,27,Cao,Thẳng,Dày,Thưa,Bẹt,
Xám,Nhỏ,Vàng,20,Lỗ mũi to,Lượn sóng,Mỏng,Thưa,Dô,
Nâu,Nhỏ,Đen,26,Lỗ mũi to,Xoăn,Dày,Rậm,Bẹt,
Nâu,To,Nâu,24,Cao,Xoăn,Dày,Thưa,Bẹt,
Nâu,Nhỏ,Đen,17,Cao,Xoăn,Mỏng,Rậm,Ngắn,
Nâu,Nhỏ,Nâu,8,Thấp,Thẳng,Mỏng,Thưa,Bẹt,
Đen,Nhỏ,Đỏ,19,Gãy,Lượn sóng,Vừa,Thưa,Bẹt,
Nâu,Nhỏ,Nâu,20,Gãy,Xoăn,Dày,Rậm,Bẹt,
Đen,Nhỏ,Nâu,25,Thấp,Xoăn,Vừa,Rậm,Dài,
Đen,To,Đen,10,Lỗ mũi to,Lượn sóng,Vừa,Rậm,Dài,
Nâu,Nhỏ,Vàng,14,Cao,Xoăn,Mỏng,Thưa,Dài,
Đen,To,Đen,30,Thấp,Xoăn,Vừa,Rậm,Bẹt,
Nâu,Nhỏ,Nâu,30,Gãy,Xoăn,Dày,Rậm,Bẹt,
Nâu,To,Đen,19,Gãy,Lượn sóng,Mỏng,Rậm,Bẹt,
Nâu,To,Đen,14,Cao,Thẳng,Dày,Rậm,Ngắn,
Lam,To,Đen,24,Gãy,Xoăn,Vừa,Thưa,Bẹt,
Đen,Nhỏ,Nâu,26,Lỗ mũi to,Thẳng,Mỏng,Thưa,Ngắn,
Đen,Nhỏ,Đen,31,Thấp,Xoăn,Mỏng,Thưa,Dài,
Đỏ,Nhỏ,Đen,17,Lỗ mũi to,Thẳng,Vừa,Rậm,Dô,
Đen,To,Đen,24,Thấp,Lượn sóng,Vừa,Thưa,Ngắn,
Lam,Nhỏ,Đen,21,Thấp,Thẳng,Mỏng,Thưa,Dô,
Đen,To,Vàng,28,Thấp,Thẳng,Dày,Rậm,Dô,
Nâu,Nhỏ,Nâu,20,Thấp,Lượn sóng,Mỏng,Rậm,Bẹt,
Đen,Nhỏ,Đen,10,Gãy,Xoăn,Mỏng,Rậm,Ngắn,
Đen,Vừa,Đen,19,Cao,Xoăn,Vừa,Rậm,Ngắn,
Lam,Nhỏ,Nâu,25,Cao,Xoăn,Vừa,Rậm,Ngắn,
Nâu,To,Đen,19,Cao,Xoăn,Mỏng,Rậm,Dô,
Nâu,Nhỏ,Đen,23,Thấp,Lượn sóng,Vừa,Thưa,Dô,
Nâu,To,Đen,20,Thấp,Xoăn,Dày,Thưa,Bẹt,
Nâu,To,Đen,9,Gãy,Xoăn,Mỏng,Rậm,Dài,
Đen,Nhỏ,Đen,21,Gãy,Thẳng,Mỏng,Thưa,Bẹt,
Nâu,Vừa,Nâu,13,Lỗ mũi to,Xoăn,Vừa,Thưa,Bẹt,
Đen,Nhỏ,Đen,28,Gãy,Xoăn,Dày,Thưa,Bẹt,
Đỏ,To,Lam,11,Cao,Lượn sóng,Dày,Thưa,Bẹt,
Đen,To,Nâu,24,Thấp,Thẳng,Mỏng,Rậm,Dài,
Đen,To,Đỏ,14,Gãy,Xoăn,Vừa,Rậm,Dài,
Vàng,Nhỏ,Nâu,17,Gãy,Xoăn,Vừa,Thưa,Bẹt,
Đen,Nhỏ,Nâu,18,Gãy,Xoăn,Vừa,Thưa,Bẹt,
Đen,To,Đen,19,Thấp,Xoăn,Vừa,Thưa,Ngắn,
Đen,Vừa,Đen,24,Thấp,Thẳng,Dày,Rậm,Bẹt,
Đen,Nhỏ,Đen,21,Thấp,Lượn sóng,Dày,Thưa,Bẹt,
Nâu,Nhỏ,Nâu,24,Cao,Lượn sóng,Mỏng,Rậm,Bẹt,
Nâu,Nhỏ,Nâu,26,Lỗ mũi to,Thẳng,Dày,Rậm,Ngắn,
Nâu,Nhỏ,Nâu,33,Cao,Thẳng,Mỏng,Rậm,Dô,
Nâu,Nhỏ,Đen,28,Cao,Thẳng,Mỏng,Rậm,Ngắn,
Nâu,To,Đen,14,Thấp,Thẳng,Vừa,Thưa,Bẹt,
Nâu,To,Nâu,20,Gãy,Thẳng,Vừa,Rậm,Bẹt,
Nâu,Vừa,Vàng,13,Thấp,Xoăn,Vừa,Thưa,Dô,
Đen,Nhỏ,Nâu,13,Gãy,Thẳng,Mỏng,Rậm,Bẹt,
Đen,To,Nâu,4,Lỗ mũi to,Lượn sóng,Dày,Rậm,Bẹt,
Nâu,To,Vàng,26,Thấp,Xoăn,Vừa,Thưa,Bẹt,
Lam,To,Nâu,8,Thấp,Thẳng,Vừa,Thưa,Bẹt,
Nâu,Nhỏ,Nâu,20,Lỗ mũi to,Xoăn,Vừa,Thưa,Dài,
Vàng,To,Vàng,27,Lỗ mũi to,Thẳng,Mỏng,Thưa,Bẹt,
Đen,Nhỏ,Đen,23,Cao,Xoăn,Mỏng,Rậm,Dài,
Đen,Nhỏ,Đen,4,Thấp,Xoăn,Dày,Rậm,Ngắn,
Nâu,Nhỏ,Đen,24,Thấp,Xoăn,Dày,Thưa,Bẹt,
Đen,To,Nâu,29,Cao,Lượn sóng,Vừa,Thưa,Bẹt,
Nâu,Nhỏ,Nâu,22,Lỗ mũi to,Xoăn,Mỏng,Rậm,Dài,
Nâu,To,Nâu,21,Gãy,Xoăn,Dày,Rậm,Ngắn,
Nâu,To,Nâu,7,Thấp,Xoăn,Mỏng,Thưa,Bẹt,
Nâu,Nhỏ,Đen,26,Lỗ mũi to,Thẳng,Vừa,Thưa,Bẹt,
Nâu,Nhỏ,Nâu,17,Thấp,Xoăn,Vừa,Thưa,Bẹt,
Đen,To,Đen,13,Thấp,Lượn sóng,Vừa,Thưa,Dài,
Đen,Nhỏ,Nâu,20,Thấp,Thẳng,Dày,Rậm,Bẹt,
Nâu,To,Đen,23,Gãy,Thẳng,Vừa,Thưa,Dài,
Nâu,To,Nâu,15,Gãy,Xoăn,Mỏng,Rậm,Dài,
Đen,Nhỏ,Nâu,20,Thấp,Thẳng,Mỏng,Thưa,Bẹt,
Nâu,Nhỏ,Đen,15,Thấp,Lượn sóng,Vừa,Rậm,Bẹt,
Nâu,To,Đen,25,Thấp,Xoăn,Vừa,Rậm,Dài,
Lam,To,Đỏ,17,Gãy,Lượn sóng,Dày,Rậm,Dài,
Nâu,Nhỏ,Nâu,22,Gãy,Thẳng,Mỏng,Thưa,Ngắn,
Đen,To,Đen,19,Lỗ mũi to,Thẳng,Vừa,Rậm,Dài,
Nâu,To,Nâu,25,Lỗ mũi to,Lượn sóng,Dày,Rậm,Dài,
Nâu,Nhỏ,Đen,25,Lỗ mũi to,Lượn sóng,Mỏng,Thưa,Dài,
Nâu,Vừa,Đen,24,Gãy,Xoăn,Dày,Rậm,Bẹt,
Vàng,Nhỏ,Nâu,22,Gãy,Xoăn,Vừa,Thưa,Dài,
Lục,Nhỏ,Nâu,20,Cao,Xoăn,Vừa,Thưa,Bẹt,
Nâu,Nhỏ,Nâu,11,Thấp,Thẳng,Vừa,Rậm,Ngắn,
Đen,Nhỏ,Đen,21,Lỗ mũi to,Lượn sóng,Vừa,Rậm,Bẹt,
Lam,Nhỏ,Nâu,20,Lỗ mũi to,Xoăn,Vừa,Thưa,Dô,
Nâu,Nhỏ,Đỏ,19,Cao,Xoăn,Mỏng,Rậm,Bẹt,
Xám,Nhỏ,Đen,26,Gãy,Thẳng,Mỏng,Rậm,Dài,
Vàng,Vừa,Nâu,17,Cao,Lượn sóng,Vừa,Thưa,Dài,
Xám,Nhỏ,Nâu,16,Lỗ mũi to,Xoăn,Vừa,Rậm,Dô,
Đen,Nhỏ,Nâu,27,Lỗ mũi to,Xoăn,Mỏng,Thưa,Bẹt,
Nâu,To,Nâu,9,Lỗ mũi to,Xoăn,Dày,Rậm,Dài,
Nâu,Nhỏ,Nâu,16,Gãy,Lượn sóng,Vừa,Rậm,Bẹt,
Nâu,To,Đen,29,Thấp,Lượn sóng,Mỏng,Rậm,Bẹt,
Lam,To,Vàng,9,Gãy,Xoăn,Vừa,Thưa,Bẹt,
Nâu,Nhỏ,Đen,12,Gãy,Thẳng,Mỏng,Thưa,Dô,
Đen,To,Vàng,16,Gãy,Xoăn,Vừa,Thưa,Bẹt,
Đen,To,Vàng,36,Lỗ mũi to,Thẳng,Vừa,Rậm,Dô,
Đen,To,Đỏ,21,Lỗ mũi to,Lượn sóng,Vừa,Rậm,Dài,
Lam,Nhỏ,Nâu,20,Thấp,Thẳng,Dày,Rậm,Dài,
Nâu,To,Đen,31,Cao,Xoăn,Vừa,Thưa,Bẹt,
Nâu,To,Đen,25,Cao,Lượn sóng,Mỏng,Rậm,Dài,
Nâu,Nhỏ,Đen,16,Thấp,Thẳng,Dày,Rậm,Bẹt,
Nâu,Nhỏ,Nâu,22,Thấp,Xoăn,Mỏng,Thưa,Bẹt,
Nâu,To,Nâu,21,Cao,Xoăn,Dày,Rậm,Bẹt,
Đen,To,Đen,24,Cao,Thẳng,Mỏng,Thưa,Dô,
Đen,To,Vàng,14,Thấp,Xoăn,Mỏng,Rậm,Bẹt,
Vàng,Nhỏ,Nâu,18,Gãy,Xoăn,Vừa,Thưa,Bẹt,
Nâu,To,Nâu,20,Cao,Thẳng,Vừa,Thưa,Bẹt,
Đen,To,Nâu,13,Lỗ mũi to,Lượn sóng,Mỏng,Rậm,Bẹt,
Nâu,Vừa,Đen,14,Gãy,Xoăn,Dày,Thưa,Dài,
Đen,Nhỏ,Nâu,27,Thấp,Xoăn,Dày,Rậm,Bẹt,
Nâu,Nhỏ,Nâu,24,Cao,Thẳng,Mỏng,Rậm,Bẹt,
Đen,Nhỏ,Đen,18,Thấp,Xoăn,Vừa,Rậm,Bẹt,
Xám,Vừa,Nâu,18,Gãy,Thẳng,Vừa,Thưa,Dài,
Lam,To,Nâu,11,Cao,Xoăn,Dày,Rậm,Bẹt,
Đen,Vừa,Đen,27,Cao,Thẳng,Mỏng,Thưa,Ngắn,
Đen,Nhỏ,Nâu,26,Gãy,Lượn sóng,Mỏng,Thưa,Dài,
Nâu,To,Nâu,24,Lỗ mũi to,Lượn sóng,Vừa,Thưa,Dô,
Nâu,Nhỏ,Nâu,15,Cao,Xoăn,Vừa,Thưa,Dô,
Đen,To,Vàng,24,Thấp,Thẳng,Vừa,Thưa,Ngắn,
Đen,Nhỏ,Đen,20,Thấp,Lượn sóng,Dày,Thưa,Dài,
Đen,To,Nâu,18,Gãy,Thẳng,Vừa,Rậm,Bẹt,
Đen,Nhỏ,Vàng,21,Gãy,Xoăn,Mỏng,Rậm,Dô,
Xám,Nhỏ,Đen,26,Thấp,Xoăn,Vừa,Thưa,Bẹt,
Đen,To,Nâu,23,Lỗ mũi to,Xoăn,Vừa,Thưa,Dài,
Vàng,Nhỏ,Nâu,24,Lỗ mũi to,Thẳng,Vừa,Rậm,Bẹt,
Nâu,Nhỏ,Vàng,18,Lỗ mũi to,Thẳng,Mỏng,Rậm,Dô,
Lam,Vừa,Nâu,25,Thấp,Thẳng,Mỏng,Rậm,Dài,
Nâu,Nhỏ,Nâu,34,Cao,Lượn sóng,Dày,Rậm,Bẹt,
Nâu,Nhỏ,Nâu,21,Cao,Xoăn,Mỏng,Rậm,Dô,
Đen,Vừa,Nâu,22,Thấp,Xoăn,Dày,Thưa,Dô,
Nâu,Nhỏ,Nâu,19,Gãy,Lượn sóng,Vừa,Rậm,Bẹt,
Đen,Nhỏ,Đỏ,29,Gãy,Thẳng,Mỏng,Thưa,Ngắn,
Đen,To,Vàng,24,Lỗ mũi to,Thẳng,Mỏng,Thưa,Dài,
Nâu,To,Đen,17,Thấp,Thẳng,Mỏng,Rậm,Dô,
Đen,To,Đen,20,Thấp,Lượn sóng,Dày,Thưa,Dô,
Đen,Nhỏ,Nâu,29,Lỗ mũi to,Thẳng,Dày,Thưa,Ngắn,
Nâu,To,Vàng,21,Lỗ mũi to,Xoăn,Dày,Thưa,Bẹt,
Xám,Nhỏ,Đen,17,Thấp,Xoăn,Dày,Thưa,Dô,
Nâu,Nhỏ,Đen,36,Thấp,Xoăn,Mỏng,Thưa,Dài,
Nâu,Nhỏ,Nâu,16,Gãy,Xoăn,Dày,Thưa,Ngắn,
Xám,Nhỏ,Vàng,21,Gãy,Xoăn,Vừa,Rậm,Bẹt,
Nâu,Vừa,Nâu,18,Thấp,Xoăn,Vừa,Rậm,Dài,
Xám,To,Nâu,30,Thấp,Lượn sóng,Vừa,Rậm,Ngắn,
Nâu,To,Đen,18,Lỗ mũi to,Thẳng,Dày,Thưa,Bẹt,
Đen,Vừa,Nâu,23,Thấp,Xoăn,Dày,Rậm,Dô,
Nâu,Nhỏ,Đen,22,Cao,Xoăn,Dày,Rậm,Dài,
Nâu,To,Đen,29,Thấp,Thẳng,Mỏng,Thưa,Ngắn,
Nâu,To,Vàng,22,Gãy,Thẳng,Dày,Rậm,Dô,
Nâu,Nhỏ,Đen,17,Gãy,Xoăn,Vừa,Thưa,Bẹt,
Đen,Nhỏ,Nâu,22,Thấp,Xoăn,Dày,Rậm,Bẹt,
Nâu,To,Đen,20,Cao,Xoăn,Mỏng,Thưa,Bẹt,
Lam,To,Đen,23,Thấp,Lượn sóng,Dày,Rậm,Dô,
Đen,To,Nâu,29,Cao,Xoăn,Mỏng,Rậm,Bẹt,
Nâu,Nhỏ,Đen,23,Cao,Lượn sóng,Vừa,Thưa,Dài,
Xám,Vừa,Đen,27,Lỗ mũi to,Xoăn,Dày,Thưa,Ngắn,
Nâu,To,Nâu,23,Lỗ mũi to,Xoăn,Dày,Thưa,Dài,
Nâu,Nhỏ,Nâu,14,Lỗ mũi to,Thẳng,Dày,Thưa,Dô,
Nâu,Nhỏ,Đen,31,Gãy,Xoăn,Mỏng,Thưa,Dô,
Nâu,To,Đen,28,Thấp,Xoăn,Vừa,Thưa,Bẹt,
Đen,To,Đen,21,Cao,Thẳng,Dày,Rậm,Dô,
Nâu,Nhỏ,Nâu,16,Cao,Lượn sóng,Mỏng,Thưa,Bẹt,
Lam,Nhỏ,Đen,15,Thấp,Xoăn,Vừa,Thưa,Ngắn,
Nâu,To,Nâu,17,Thấp,Xoăn,Mỏng,Thưa,Dài,
Dị sấc,To,Vàng,9,Lỗ mũi to,Lượn sóng,Mỏng,Thưa,Dô,
Xám,To,Nâu,18,Thấp,Xoăn,Vừa,Thưa,Ngắn,
Đen,Nhỏ,Đen,36,Lỗ mũi to,Thẳng,Mỏng,Thưa,Dài,
Đen,To,Đen,19,Gãy,Xoăn,Mỏng,Thưa,Bẹt,
Đen,To,Đen,16,Thấp,Lượn sóng,Mỏng,Rậm,Bẹt,
Nâu,Nhỏ,Đen,25,Gãy,Xoăn,Dày,Rậm,Dô,
Nâu,Nhỏ,Đen,16,Lỗ mũi to,Thẳng,Mỏng,Rậm,Bẹt,
Xám,Nhỏ,Đen,19,Gãy,Lượn sóng,Vừa,Rậm,Dài,
Nâu,Nhỏ,Đen,32,Thấp,Xoăn,Mỏng,Rậm,Ngắn,
Xám,Vừa,Vàng,34,Lỗ mũi to,Thẳng,Mỏng,Rậm,Dô,
Nâu,To,Nâu,23,Cao,Xoăn,Vừa,Rậm,Dài,
Nâu,To,Nâu,13,Thấp,Lượn sóng,Mỏng,Rậm,Dô,
Đen,Nhỏ,Đỏ,26,Thấp,Xoăn,Mỏng,Thưa,Bẹt,
Nâu,Nhỏ,Đen,21,Lỗ mũi to,Xoăn,Vừa,Rậm,Ngắn,
Đen,To,Vàng,21,Lỗ mũi to,Xoăn,Dày,Rậm,Dài,
Đen,To,Đen,21,Lỗ mũi to,Xoăn,Mỏng,Rậm,Dô,
Nâu,Nhỏ,Đen,16,Lỗ mũi to,Xoăn,Vừa,Rậm,Bẹt,
Lam,To,Đen,18,Lỗ mũi to,Thẳng,Vừa,Thưa,Bẹt,
Nâu,Nhỏ,Nâu,30,Lỗ mũi to,Thẳng,Vừa,Thưa,Ngắn,
Nâu,Vừa,Đen,20,Cao,Lượn sóng,Vừa,Rậm,Dài,
Nâu,To,Nâu,15,Lỗ mũi to,Xoăn,Vừa,Thưa,Dài,
Nâu,Nhỏ,Nâu,24,Thấp,Thẳng,Vừa,Rậm,Dài,
Nâu,Nhỏ,Vàng,28,Cao,Xoăn,Vừa,Rậm,Dô,
Đen,Nhỏ,Nâu,29,Cao,Xoăn,Vừa,Rậm,Dô,
Nâu,To,Đen,24,Cao,Xoăn,Vừa,Thưa,Dô,
Lam,To,Nâu,28,Thấp,Lượn sóng,Mỏng,Thưa,Dô,
Nâu,Nhỏ,Nâu,25,Cao,Xoăn,Mỏng,Thưa,Dô,
Nâu,Nhỏ,Vàng,18,Gãy,Xoăn,Dày,Thưa,Bẹt,
Đen,To,Nâu,13,Cao,Xoăn,Vừa,Rậm,Dài,
Nâu,To,Nâu,24,Lỗ mũi to,Thẳng,Mỏng,Rậm,Bẹt,
Lam,Nhỏ,Vàng,19,Lỗ mũi to,Thẳng,Mỏng,Thưa,Dài,
Nâu,Nhỏ,Vàng,31,Cao,Xoăn,Vừa,Rậm,Dài,
Nâu,Nhỏ,Nâu,21,Thấp,Thẳng,Dày,Thưa,Dài,
Đen,Nhỏ,Vàng,20,Thấp,Lượn sóng,Vừa,Thưa,Bẹt,
Xám,Nhỏ,Vàng,20,Lỗ mũi to,Xoăn,Dày,Thưa,Ngắn,
Đen,Nhỏ,Đen,21,Thấp,Xoăn,Vừa,Thưa,Bẹt,
Đen,Nhỏ,Đen,28,Cao,Lượn sóng,Mỏng,Thưa,Dài,
Lục,Nhỏ,Nâu,26,Lỗ mũi to,Lượn sóng,Vừa,Thưa,Bẹt,
Xám,To,Đen,16,Cao,Xoăn,Dày,Thưa,Bẹt,
Nâu,To,Nâu,26,Gãy,Thẳng,Mỏng,Rậm,Dô,
Nâu,To,Đỏ,14,Gãy,Lượn sóng,Vừa,Rậm,Bẹt,
Nâu,Nhỏ,Đen,16,Cao,Thẳng,Vừa,Rậm,Dài,
Nâu,To,Đen,22,Cao,Lượn sóng,Mỏng,Rậm,Bẹt,
Nâu,Nhỏ,Đen,26,Thấp,Xoăn,Mỏng,Thưa,Dô,
Đen,To,Nâu,20,Cao,Lượn sóng,Vừa,Rậm,Ngắn,
Lam,Nhỏ,Đen,19,Thấp,Thẳng,Mỏng,Rậm,Dài,
Đen,To,Nâu,10,Gãy,Thẳng,Mỏng,Thưa,Dô,
Nâu,Nhỏ,Vàng,20,Gãy,Lượn sóng,Mỏng,Thưa,Bẹt,
Xám,Nhỏ,Nâu,18,Cao,Lượn sóng,Vừa,Thưa,Dài,
Nâu,To,Nâu,22,Gãy,Thẳng,Vừa,Rậm,Bẹt,
Đen,Nhỏ,Đen,19,Cao,Lượn sóng,Vừa,Rậm,Dô,
Đen,To,Đen,16,Cao,Xoăn,Vừa,Thưa,Bẹt,
Đen,Nhỏ,Đen,22,Lỗ mũi to,Thẳng,Dày,Thưa,Bẹt,
Nâu,To,Đen,24,Lỗ mũi to,Thẳng,Mỏng,Thưa,Bẹt,
Xám,Vừa,Nâu,22,Lỗ mũi to,Thẳng,Vừa,Thưa,Bẹt,
Nâu,To,Đen,16,Thấp,Xoăn,Vừa,Thưa,Dô,
Xám,Nhỏ,Vàng,22,Cao,Xoăn,Dày,Thưa,Dô,
Nâu,Nhỏ,Nâu,23,Cao,Lượn sóng,Dày,Thưa,Dô,
Nâu,Nhỏ,Nâu,20,Gãy,Lượn sóng,Dày,Rậm,Bẹt,
Nâu,To,Đen,26,Cao,Lượn sóng,Mỏng,Rậm,Dô,
Đen,To,Đen,19,Thấp,Thẳng,Mỏng,Thưa,Bẹt,
Nâu,To,Vàng,30,Lỗ mũi to,Xoăn,Vừa,Thưa,Bẹt,
Đen,Vừa,Đen,11,Gãy,Xoăn,Mỏng,Thưa,Ngắn,
Đen,Nhỏ,Đen,23,Thấp,Thẳng,Dày,Thưa,Bẹt,
Nâu,Nhỏ,Nâu,23,Lỗ mũi to,Xoăn,Vừa,Rậm,Dô,
Nâu,Nhỏ,Nâu,20,Lỗ mũi to,Xoăn,Vừa,Rậm,Bẹt,
Nâu,Nhỏ,Nâu,17,Lỗ mũi to,Thẳng,Dày,Rậm,Ngắn,
Đen,Nhỏ,Nâu,24,Thấp,Thẳng,Dày,Rậm,Ngắn,
Nâu,To,Nâu,26,Lỗ mũi to,Lượn sóng,Dày,Rậm,Dô,
Nâu,Vừa,Nâu,18,Thấp,Xoăn,Mỏng,Rậm,Bẹt,
Nâu,Nhỏ,Đen,22,Cao,Thẳng,Vừa,Thưa,Dô,
Nâu,To,Đen,28,Cao,Xoăn,Vừa,Rậm,Dô,
Nâu,Vừa,Nâu,29,Cao,Xoăn,Mỏng,Thưa,Dô,
Đen,Nhỏ,Đen,13,Gãy,Xoăn,Vừa,Thưa,Ngắn,
Nâu,Nhỏ,Nâu,17,Thấp,Xoăn,Vừa,Rậm,Bẹt,
Nâu,To,Nâu,25,Lỗ mũi to,Thẳng,Vừa,Thưa,Bẹt,
Nâu,Nhỏ,Đỏ,17,Lỗ mũi to,Thẳng,Mỏng,Rậm,Bẹt,
Đen,To,Đen,15,Lỗ mũi to,Xoăn,Mỏng,Thưa,Bẹt,
Đen,To,Nâu,25,Lỗ mũi to,Xoăn,Mỏng,Rậm,Bẹt,
Lam,Vừa,Vàng,21,Gãy,Thẳng,Mỏng,Thưa,Dài,
Nâu,To,Nâu,18,Lỗ mũi to,Xoăn,Vừa,Rậm,Dài,
Đen,To,Nâu,31,Lỗ mũi to,Thẳng,Dày,Thưa,Ngắn,
Nâu,Nhỏ,Nâu,23,Gãy,Thẳng,Vừa,Thưa,Bẹt,
Đen,To,Vàng,26,Thấp,Thẳng,Vừa,Thưa,Dài,
Nâu,Nhỏ,Đen,22,Cao,Lượn sóng,Mỏng,Rậm,Bẹt,
Đen,To,Nâu,16,Cao,Lượn sóng,Vừa,Thưa,Dài,
Đen,Nhỏ,Nâu,25,Lỗ mũi to,Thẳng,Dày,Rậm,Bẹt,
Tím,Nhỏ,Nâu,16,Lỗ mũi to,Xoăn,Mỏng,Thưa,Dài,
Xám,Nhỏ,Nâu,33,Thấp,Lượn sóng,Mỏng,Thưa,Bẹt,
Nâu,To,Đỏ,21,Thấp,Lượn sóng,Mỏng,Rậm,Bẹt,
Nâu,Nhỏ,Đen,24,Gãy,Xoăn,Dày,Thưa,Dài,
Nâu,Nhỏ,Đen,25,Thấp,Lượn sóng,Vừa,Thưa,Bẹt,
Nâu,Nhỏ,Đen,30,Thấp,Lượn sóng,Dày,Rậm,Dài,
Nâu,Nhỏ,Đen,28,Thấp,Thẳng,Mỏng,Rậm,Dô,
Nâu,Nhỏ,Đen,8,Thấp,Xoăn,Mỏng,Thưa,Dô,
Đen,To,Đen,16,Cao,Lượn sóng,Vừa,Thưa,Ngắn,
Đen,Nhỏ,Đen,27,Thấp,Xoăn,Dày,Rậm,Dài,
Nâu,Nhỏ,Đen,19,Thấp,Xoăn,Dày,Thưa,Dô,
Lam,Nhỏ,Nâu,19,Thấp,Xoăn,Dày,Thưa,Dài,
Đen,Nhỏ,Nâu,21,Gãy,Xoăn,Vừa,Thưa,Bẹt,
Đen,Nhỏ,Nâu,30,Gãy,Xoăn,Dày,Rậm,Bẹt,
Đen,Nhỏ,Đen,17,Lỗ mũi to,Thẳng,Dày,Rậm,Dài,
Đen,Nhỏ,Nâu,21,Cao,Lượn sóng,Vừa,Thưa,Dài,
Đen,Nhỏ,Đen,23,Lỗ mũi to,Thẳng,Mỏng,Rậm,Dô,
Đen,To,Đen,13,Gãy,Thẳng,Vừa,Rậm,Dô,
Nâu,Nhỏ,Đen,24,Cao,Lượn sóng,Vừa,Rậm,Dài,
Đen,Nhỏ,Nâu,23,Cao,Xoăn,Vừa,Thưa,Bẹt,
