Mau Mat,Kieu Mat,Mau Toc Tu Nhien,Mau Da,Kieu Mui,Kieu Toc,Kieu Moi,Rau Toc Long,Kieu Khuon Mat,Chung Toc
Den,Nho,Den,Nau Sam,Cao,Luon song,Day,Thua,Bet,Phi
Den,Nho,Den,Nau Vua,Thap,Thang,Day,Thua,Dai,Au
Den,Nho,Den,Nau Sam,Thap,Thang,Vua,Thua,Do,Uc
Den,Nho,Den,Nau Vua,Cao,Xoan,Vua,Ram,Do,Phi
Den,Nho,Den,Nau Sam,Thap,Thang,Vua,Thua,Do,Uc
Den,Nho,Den,Trang Vang,Thap,Xoan,Mong,Ram,Bet,Au
Den,Vua,Den,Nau Sam,Thap,Xoan,Vua,Thua,Bet,Uc
Den,Nho,Den,Trang Vang,Thap,Thang,Vua,Thua,Bet,Au
Den,Nho,Den,Nau Vua,Thap,Thang,Vua,Ram,Dai,Phi
Den,Nho,Den,Nau Vua,Thap,Luon song,Vua,Ram,Do,Au
Xam,Vua,Den,Nau Vua,Cao,Luon song,Vua,Ram,Bet,Phi
Vang,To,Vang,Nau Vua,Cao,Xoan,Day,Ram,Ngan,Uc
Den,Nho,Den,Nau Vua,Thap,Luon song,Day,Thua,Dai,Uc
Den,Vua,Den,Nau Sam,Thap,Xoan,Vua,Ram,Bet,Phi
Den,To,Den,Nau Vua,Cao,Luon song,Mong,Thua,Dai,Phi
Den,To,Den,Nau Vua,Thap,Xoan,Mong,Ram,Bet,Au
Den,Nho,Den,Nau Vua,Cao,Thang,Vua,Thua,Dai,Au
Den,To,Den,Trang Vang,Thap,Thang,Mong,Ram,Do,Au
Den,Vua,Den,Nau Vua,Cao,Thang,Vua,Ram,Do,Au
Den,To,Den,Nau Vua,Thap,Xoan,Vua,Ram,Bet,Phi
Den,To,Den,Nau Vua,Cao,Xoan,Vua,Ram,Do,Au
Den,To,Vang,Nau Sam,Cao,Xoan,Day,Thua,Do,Uc
Den,Nho,Den,Nau Vua,Thap,Thang,Mong,Thua,Bet,Au
Den,Nho,Den,Nau Vua,Cao,Thang,Vua,Thua,Bet,Uc
Lam,Vua,Den,Nau Sam,Cao,Xoan,Mong,Ram,Dai,Uc
Den,Nho,Den,Nau Sam,Thap,Luon song,Mong,Thua,Bet,Uc
Den,Nho,Den,Nau Vua,Cao,Luon song,Mong,Ram,Do,A
Den,Nho,Den,Trang Vang,Thap,Luon song,Day,Ram,Ngan,Au
Den,To,Den,Nau Sam,Thap,Luon song,Mong,Ram,Dai,Phi
Den,To,Den,Nau Vua,Cao,Luon song,Day,Thua,Do,Au
Den,To,Den,Nau Vua,Thap,Luon song,Vua,Thua,Bet,Phi
Den,Nho,Den,Nau Vua,Cao,Thang,Vua,Thua,Dai,Au
Den,Nho,Den,Nau Sam,Thap,Xoan,Day,Thua,Bet,Phi
Den,To,Vang,Nau Sam,Thap,Xoan,Vua,Ram,Bet,Phi
Den,To,Vang,Nau Vua,Thap,Luon song,Mong,Ram,Ngan,Au
Den,Nho,Den,Nau Vua,Cao,Xoan,Mong,Thua,Bet,Uc
Den,To,Den,Nau Vua,Thap,Xoan,Mong,Thua,Do,Uc
Den,Nho,Vang,Nau Sam,Thap,Thang,Day,Thua,Bet,Phi
Den,To,Den,Nau Vua,Thap,Thang,Mong,Thua,Bet,Phi
Den,Vua,Den,Nau Vua,Thap,Thang,Mong,Thua,Bet,Phi
Den,To,Den,Trang Vang,Thap,Xoan,Vua,Thua,Do,Au
Den,Vua,Den,Nau Sam,Cao,Thang,Mong,Ram,Do,Uc
Den,To,Den,Nau Sam,Thap,Xoan,Mong,Ram,Dai,Uc
Den,Vua,Den,Nau Sam,Thap,Xoan,Vua,Thua,Bet,Uc
Den,To,Den,Nau Vua,Cao,Xoan,Mong,Ram,Dai,Au
Den,To,Vang,Nau Sam,Cao,Xoan,Vua,Thua,Do,Phi
Den,Vua,Den,Nau Vua,Thap,Luon song,Day,Ram,Bet,A
Den,Nho,Den,Trang Vang,Thap,Xoan,Mong,Ram,Bet,Au
Den,To,Vang,Nau Sam,Cao,Thang,Mong,Thua,Bet,Phi
Den,Nho,Den,Nau Sam,Thap,Thang,Day,Ram,Do,Uc
Den,Nho,Den,Nau Vua,Cao,Xoan,Vua,Thua,Do,Phi
Den,Nho,Den,Nau Vua,Thap,Xoan,Day,Thua,Dai,Uc
Den,Vua,Den,Nau Sam,Thap,Luon song,Mong,Ram,Do,Uc
Den,Vua,Den,Nau Vua,Thap,Thang,Mong,Thua,Dai,Au
Lam,To,Vang,Nau Vua,Thap,Thang,Mong,Ram,Dai,Au
Den,To,Den,Nau Vua,Thap,Xoan,Mong,Thua,Dai,Au
Den,To,Den,Nau Vua,Thap,Thang,Mong,Ram,Bet,Uc
Den,To,Den,Nau Sam,Thap,Xoan,Mong,Thua,Ngan,Phi
Den,To,Den,Nau Vua,Thap,Xoan,Mong,Ram,Do,Au
Den,Nho,Den,Nau Vua,Thap,Xoan,Vua,Thua,Bet,Au
Xam,To,Den,Nau Vua,Thap,Luon song,Vua,Thua,Do,Au
Lam,Nho,Den,Trang Vang,Thap,Luon song,Mong,Ram,Bet,Au
Den,To,Den,Nau Vua,Thap,Thang,Vua,Thua,Do,Au
Den,To,Den,Nau Vua,Cao,Thang,Vua,Thua,Dai,Au
Den,To,Den,Nau Vua,Thap,Thang,Mong,Ram,Do,Phi
Den,Nho,Den,Nau Sam,Cao,Xoan,Day,Ram,Dai,Uc
Den,To,Den,Nau Sam,Thap,Thang,Mong,Thua,Bet,Uc
Xam,To,Den,Nau Sam,Cao,Thang,Day,Thua,Ngan,Phi
Den,To,Den,Nau Vua,Cao,Luon song,Vua,Ram,Dai,Au
Vang,Nho,Den,Trang Sang,Cao,Thang,Vua,Ram,Bet,Au
Den,Nho,Den,Nau Sam,Thap,Luon song,Mong,Ram,Bet,Phi
Den,To,Den,Nau Vua,Thap,Luon song,Day,Ram,Bet,Phi
Den,Nho,Vang,Nau Vua,Thap,Luon song,Day,Thua,Bet,Phi
Den,Vua,Den,Nau Sam,Thap,Xoan,Day,Ram,Do,Phi
Den,Vua,Den,Trang Vang,Cao,Thang,Day,Thua,Bet,Au
Den,To,Den,Nau Vua,Cao,Luon song,Day,Thua,Bet,Au
Den,To,Den,Nau Vua,Cao,Xoan,Vua,Ram,Bet,Au
Den,Nho,Den,Nau Sam,Cao,Thang,Mong,Thua,Do,Uc
Xam,Nho,Den,Nau Sam,Thap,Xoan,Vua,Ram,Ngan,Phi
Den,To,Den,Nau Vua,Thap,Xoan,Day,Thua,Bet,Au
Lam,Nho,Den,Nau Sam,Thap,Xoan,Vua,Ram,Ngan,Uc
Vang,Nho,Den,Nau Sam,Thap,Xoan,Vua,Ram,Dai,Phi
Vang,To,Vang,Trang Sang,Thap,Thang,Day,Thua,Bet,Au
Den,Nho,Vang,Nau Vua,Cao,Xoan,Vua,Ram,Do,Uc
Den,Nho,Den,Trang Vang,Thap,Xoan,Day,Ram,Bet,Au
Den,Nho,Den,Nau Sam,Cao,Thang,Day,Ram,Bet,Uc
Xam,Nho,Den,Nau Sam,Thap,Thang,Day,Thua,Dai,Phi
Den,Nho,Den,Nau Vua,Cao,Thang,Vua,Ram,Dai,Phi
Den,Nho,Den,Nau Sam,Cao,Xoan,Mong,Thua,Bet,Phi
Den,To,Den,Nau Vua,Cao,Luon song,Day,Thua,Bet,Uc
Den,To,Vang,Nau Vua,Thap,Xoan,Vua,Ram,Bet,Uc
Den,To,Den,Nau Vua,Thap,Luon song,Day,Thua,Dai,A
Den,Nho,Den,Nau Vua,Thap,Xoan,Mong,Ram,Do,Au
Xam,To,Den,Nau Sam,Thap,Luon song,Day,Thua,Bet,Uc
Den,Nho,Den,Nau Vua,Thap,Xoan,Mong,Thua,Bet,Au
Den,Nho,Den,Nau Sam,Thap,Thang,Day,Ram,Dai,Phi
Den,Nho,Den,Nau Vua,Thap,Luon song,Vua,Thua,Do,A
Den,Nho,Den,Nau Sam,Cao,Luon song,Day,Thua,Bet,Uc
Den,Nho,Den,Trang Vang,Cao,Luon song,Mong,Ram,Bet,A
Den,Nho,Do,Nau Vua,Cao,Thang,Mong,Ram,Bet,Au
Den,To,Den,Nau Vua,Cao,Xoan,Mong,Ram,Bet,Phi
Vang,Vua,Den,Nau Sam,Thap,Xoan,Mong,Thua,Dai,Uc
Den,To,Den,Nau Vua,Cao,Luon song,Vua,Ram,Bet,Phi
Den,Nho,Den,Nau Vua,Thap,Thang,Mong,Thua,Bet,Au
Den,To,Den,Nau Vua,Cao,Xoan,Day,Ram,Dai,Au
Den,Nho,Den,Trang Vang,Cao,Thang,Vua,Thua,Do,Au
Den,Nho,Den,Nau Vua,Cao,Luon song,Vua,Thua,Ngan,A
Den,To,Den,Nau Sam,Cao,Thang,Mong,Thua,Ngan,Uc
Den,Nho,Den,Nau Vua,Cao,Thang,Day,Thua,Ngan,Au
Den,Vua,Vang,Nau Vua,Thap,Luon song,Mong,Ram,Dai,Au
Den,Nho,Vang,Nau Sam,Thap,Xoan,Mong,Ram,Bet,Uc
Den,Nho,Den,Nau Vua,Cao,Xoan,Mong,Ram,Bet,Uc
Den,Nho,Den,Trang Vang,Thap,Thang,Mong,Thua,Dai,Au
Den,To,Den,Nau Sam,Thap,Xoan,Day,Ram,Ngan,Uc
Den,Vua,Den,Nau Vua,Cao,Luon song,Day,Ram,Dai,A
Den,To,Den,Nau Sam,Thap,Xoan,Day,Thua,Dai,Uc
Den,Vua,Den,Nau Sam,Thap,Xoan,Mong,Ram,Ngan,Uc
Xam,Nho,Den,Nau Vua,Cao,Thang,Vua,Thua,Ngan,Phi
Xam,To,Den,Nau Sam,Thap,Thang,Vua,Thua,Dai,Uc
Den,Nho,Den,Nau Vua,Thap,Thang,Mong,Ram,Dai,Phi
Den,Nho,Den,Nau Vua,Cao,Thang,Mong,Ram,Do,Uc
Den,Nho,Den,Nau Vua,Thap,Luon song,Vua,Ram,Bet,Phi
Xam,Nho,Den,Nau Vua,Thap,Thang,Mong,Ram,Do,Au
Den,To,Den,Nau Vua,Cao,Thang,Vua,Ram,Bet,Phi
Den,Nho,Vang,Nau Sam,Cao,Xoan,Vua,Ram,Dai,Phi
Den,To,Lam,Nau Vua,Cao,Xoan,Mong,Ram,Do,Au
Den,Vua,Den,Trang Vang,Cao,Luon song,Mong,Ram,Dai,Au
Den,To,Den,Nau Vua,Thap,Thang,Vua,Thua,Bet,Au
Xam,Vua,Den,Nau Vua,Cao,Thang,Day,Ram,Bet,Au
Den,Nho,Den,Trang Vang,Cao,Luon song,Mong,Thua,Do,A
Den,Vua,Den,Nau Vua,Thap,Xoan,Mong,Ram,Dai,Au
Den,To,Den,Nau Vua,Thap,Xoan,Mong,Thua,Bet,Au
Den,To,Den,Nau Vua,Thap,Xoan,Vua,Thua,Ngan,Au
Den,Nho,Den,Nau Vua,Thap,Thang,Day,Ram,Do,Phi
Den,Nho,Den,Nau Sam,Thap,Thang,Day,Thua,Dai,Uc
Den,To,Vang,Nau Vua,Thap,Luon song,Vua,Thua,Dai,Phi
Den,To,Den,Nau Vua,Thap,Xoan,Mong,Ram,Bet,Au
Den,To,Do,Nau Vua,Cao,Luon song,Day,Ram,Dai,Au
Den,Nho,Den,Nau Vua,Cao,Thang,Vua,Ram,Ngan,Au
Xam,To,Den,Nau Vua,Cao,Xoan,Mong,Ram,Dai,Au
Den,To,Vang,Trang Sang,Thap,Thang,Mong,Ram,Do,Au
Xam,Nho,Den,Nau Vua,Thap,Thang,Mong,Ram,Do,Phi
Den,To,Den,Nau Vua,Thap,Xoan,Day,Thua,Dai,Au
Den,To,Den,Nau Sam,Cao,Luon song,Mong,Thua,Do,Phi
Den,To,Den,Nau Vua,Thap,Thang,Mong,Thua,Ngan,Au
Den,To,Den,Nau Sam,Thap,Thang,Day,Thua,Ngan,Phi
Den,To,Den,Nau Vua,Thap,Thang,Vua,Ram,Dai,Phi
Den,Nho,Den,Nau Vua,Thap,Thang,Day,Thua,Bet,Uc
Xam,Nho,Den,Nau Vua,Cao,Luon song,Mong,Thua,Dai,Uc
Den,To,Den,Nau Sam,Thap,Xoan,Mong,Ram,Ngan,Phi
Den,Nho,Den,Nau Vua,Thap,Xoan,Day,Thua,Ngan,Phi
Den,To,Den,Nau Vua,Thap,Luon song,Vua,Thua,Ngan,Au
Den,Nho,Den,Nau Vua,Thap,Thang,Vua,Thua,Bet,Phi
Den,Nho,Den,Nau Vua,Thap,Xoan,Mong,Thua,Bet,Au
Den,To,Den,Nau Vua,Cao,Luon song,Mong,Thua,Bet,A
Den,To,Den,Nau Sam,Thap,Xoan,Mong,Ram,Bet,Uc
Den,Nho,Vang,Nau Vua,Cao,Xoan,Day,Thua,Dai,Uc
Den,To,Vang,Nau Sam,Thap,Xoan,Vua,Ram,Dai,Uc
Den,To,Den,Nau Sam,Thap,Thang,Vua,Thua,Bet,Phi
Vang,To,Den,Nau Sam,Cao,Thang,Mong,Thua,Bet,Phi
Lam,Vua,Vang,Nau Vua,Thap,Xoan,Day,Ram,Bet,Au
Den,To,Den,Nau Vua,Thap,Thang,Vua,Ram,Bet,A
Den,To,Den,Nau Vua,Cao,Xoan,Vua,Thua,Dai,A
Den,To,Den,Nau Vua,Cao,Xoan,Vua,Thua,Bet,A
Den,Vua,Den,Nau Vua,Thap,Xoan,Day,Thua,Ngan,A
Den,Nho,Den,Trang Vang,Cao,Thang,Day,Thua,Bet,Au
Den,To,Den,Nau Sam,Cao,Thang,Day,Ram,Ngan,Uc
Den,To,Den,Nau Vua,Thap,Thang,Day,Thua,Ngan,A
Do,Nho,Den,Trang Vang,Cao,Luon song,Mong,Thua,Do,Au
Den,To,Vang,Nau Vua,Thap,Xoan,Day,Thua,Do,Uc
Den,Nho,Den,Nau Vua,Thap,Thang,Mong,Thua,Bet,A
Den,To,Den,Nau Sam,Thap,Thang,Day,Ram,Dai,Phi
Den,Nho,Den,Nau Sam,Cao,Thang,Mong,Ram,Bet,Uc
Den,Nho,Den,Nau Vua,Cao,Xoan,Mong,Thua,Bet,Uc
Lam,Vua,Den,Nau Vua,Cao,Thang,Vua,Thua,Bet,Au
Den,Nho,Den,Nau Vua,Thap,Thang,Vua,Ram,Bet,A
Den,Nho,Do,Nau Vua,Cao,Xoan,Vua,Thua,Dai,Au
Den,To,Den,Nau Vua,Cao,Luon song,Mong,Thua,Dai,A
Den,Nho,Den,Nau Vua,Thap,Thang,Vua,Thua,Bet,A
Den,To,Den,Nau Vua,Thap,Xoan,Mong,Thua,Do,A
Den,To,Den,Nau Vua,Thap,Xoan,Vua,Ram,Bet,Au
Vang,To,Vang,Nau Vua,Cao,Xoan,Day,Ram,Dai,Au
Den,Nho,Den,Nau Vua,Thap,Xoan,Mong,Thua,Ngan,A
Den,To,Den,Nau Vua,Cao,Xoan,Vua,Ram,Bet,A
Den,To,Den,Nau Vua,Thap,Thang,Vua,Ram,Bet,A
Den,Vua,Den,Nau Vua,Cao,Thang,Vua,Thua,Bet,A
Lam,Nho,Den,Nau Vua,Cao,Xoan,Day,Ram,Do,Au
Den,To,Den,Nau Vua,Thap,Thang,Day,Ram,Bet,A
Den,Nho,Den,Nau Vua,Cao,Luon song,Day,Ram,Bet,Au
Den,To,Den,Nau Vua,Cao,Xoan,Mong,Thua,Do,A
Den,To,Den,Nau Sam,Thap,Thang,Vua,Ram,Do,Uc
Den,To,Den,Nau Vua,Thap,Xoan,Day,Ram,Ngan,Au
Den,To,Den,Trang Vang,Thap,Luon song,Vua,Thua,Bet,Au
Den,To,Den,Nau Vua,Cao,Xoan,Mong,Thua,Bet,A
Den,Nho,Den,Nau Vua,Cao,Thang,Vua,Thua,Dai,A
Den,To,Vang,Trang Sang,Thap,Thang,Vua,Ram,Dai,Au
Xam,Nho,Do,Nau Vua,Thap,Thang,Vua,Ram,Dai,Au
Den,Nho,Den,Nau Vua,Thap,Thang,Day,Thua,Bet,A
Den,To,Den,Nau Sam,Thap,Thang,Mong,Ram,Bet,Uc
Den,To,Den,Nau Vua,Thap,Xoan,Vua,Thua,Ngan,A
Den,To,Den,Nau Vua,Thap,Xoan,Vua,Thua,Do,A
Den,Nho,Den,Nau Sam,Thap,Thang,Day,Thua,Bet,Phi
Den,Nho,Den,Nau Vua,Cao,Thang,Vua,Ram,Ngan,A
Den,To,Den,Nau Vua,Cao,Luon song,Day,Thua,Bet,Au
Lam,To,Do,Trang Vang,Cao,Xoan,Day,Thua,Dai,Au
Den,To,Den,Nau Vua,Cao,Thang,Mong,Ram,Dai,Au
Den,To,Den,Nau Vua,Thap,Thang,Vua,Ram,Bet,A
Den,Nho,Den,Nau Vua,Thap,Xoan,Vua,Thua,Bet,A
Den,Nho,Den,Nau Vua,Cao,Xoan,Mong,Thua,Dai,A
Den,To,Den,Trang Sang,Cao,Thang,Vua,Thua,Bet,Au
Den,Vua,Den,Nau Sam,Cao,Xoan,Vua,Ram,Bet,Uc
Den,To,Den,Nau Vua,Thap,Thang,Mong,Thua,Bet,A
Den,To,Den,Nau Vua,Thap,Xoan,Vua,Thua,Bet,A
Den,Nho,Den,Trang Vang,Thap,Xoan,Day,Ram,Bet,Au
Den,Vua,Den,Nau Vua,Thap,Xoan,Day,Ram,Dai,Uc
Den,To,Den,Nau Vua,Cao,Thang,Day,Ram,Do,A
Den,To,Den,Nau Vua,Cao,Luon song,Vua,Ram,Bet,Au
Den,Vua,Den,Nau Vua,Cao,Thang,Vua,Ram,Dai,A
Den,To,Den,Nau Sam,Cao,Xoan,Vua,Ram,Ngan,Uc
Den,Vua,Den,Nau Vua,Thap,Xoan,Vua,Thua,Dai,A
Den,Vua,Den,Nau Vua,Thap,Xoan,Vua,Thua,Dai,A
Den,To,Den,Nau Vua,Cao,Xoan,Mong,Thua,Do,A
Den,To,Den,Nau Sam,Cao,Xoan,Day,Thua,Bet,Phi
Den,Nho,Den,Nau Vua,Cao,Luon song,Vua,Ram,Bet,A
Den,To,Den,Trang Vang,Cao,Thang,Vua,Ram,Dai,Au
Den,Nho,Den,Nau Vua,Cao,Thang,Vua,Thua,Bet,A
Den,Nho,Den,Nau Vua,Thap,Thang,Vua,Thua,Bet,A
Den,To,Den,Nau Sam,Thap,Thang,Vua,Ram,Bet,Uc
Den,To,Vang,Nau Sam,Thap,Luon song,Vua,Ram,Ngan,Uc
Den,To,Den,Nau Sam,Cao,Xoan,Mong,Thua,Dai,Phi
Den,To,Den,Nau Vua,Thap,Luon song,Mong,Thua,Bet,A
Den,Nho,Den,Nau Vua,Thap,Xoan,Vua,Thua,Dai,Uc
Den,Nho,Den,Nau Vua,Thap,Thang,Vua,Thua,Bet,A
Den,Nho,Den,Nau Vua,Thap,Thang,Vua,Ram,Ngan,A
Den,To,Den,Nau Vua,Thap,Thang,Mong,Ram,Ngan,Uc
Den,Vua,Den,Nau Vua,Thap,Xoan,Mong,Ram,Ngan,Au
Den,Nho,Den,Nau Vua,Cao,Luon song,Mong,Ram,Bet,Uc
Xam,To,Den,Nau Sam,Cao,Thang,Day,Ram,Dai,Uc
Den,Nho,Den,Nau Vua,Thap,Thang,Vua,Ram,Do,A
Den,To,Den,Trang Vang,Cao,Thang,Mong,Ram,Do,Au
Den,Nho,Den,Nau Vua,Cao,Xoan,Vua,Thua,Ngan,A
Xam,To,Do,Trang Sang,Thap,Xoan,Vua,Thua,Bet,Au
Den,To,Den,Nau Vua,Thap,Xoan,Mong,Ram,Bet,Uc
Lam,To,Den,Trang Sang,Thap,Luon song,Day,Ram,Bet,Au
Den,To,Den,Nau Vua,Thap,Luon song,Vua,Thua,Bet,Uc
Den,Vua,Vang,Trang Vang,Thap,Xoan,Vua,Thua,Ngan,Au
Den,To,Den,Nau Vua,Thap,Luon song,Day,Thua,Bet,A
Den,Nho,Den,Nau Vua,Thap,Thang,Day,Thua,Dai,A
Den,To,Den,Nau Vua,Cao,Thang,Mong,Ram,Do,A
Den,Nho,Den,Nau Vua,Thap,Luon song,Vua,Ram,Bet,Uc
Lam,Nho,Vang,Nau Vua,Thap,Xoan,Mong,Ram,Dai,Au
Vang,To,Den,Trang Vang,Thap,Luon song,Mong,Ram,Bet,Au
Den,Nho,Den,Nau Vua,Thap,Xoan,Day,Ram,Bet,A
Den,Nho,Den,Nau Vua,Thap,Thang,Vua,Ram,Ngan,A
Den,To,Den,Nau Vua,Thap,Thang,Vua,Thua,Ngan,A
Den,Vua,Den,Trang Vang,Thap,Luon song,Mong,Ram,Bet,Au
Den,Nho,Den,Nau Sam,Thap,Thang,Day,Thua,Ngan,Phi
Den,To,Do,Trang Sang,Cao,Luon song,Mong,Thua,Bet,Au
Den,To,Vang,Nau Vua,Thap,Luon song,Vua,Thua,Bet,Uc
Den,To,Den,Nau Vua,Thap,Luon song,Vua,Thua,Bet,Au
Xam,To,Den,Nau Vua,Thap,Thang,Day,Ram,Bet,A
Xam,Nho,Den,Nau Sam,Cao,Xoan,Day,Ram,Do,Uc
Den,Nho,Den,Nau Vua,Thap,Thang,Vua,Thua,Do,A
Den,Nho,Den,Nau Vua,Cao,Thang,Day,Thua,Dai,A
Den,Nho,Vang,Nau Vua,Cao,Thang,Vua,Ram,Do,Uc
Den,Vua,Den,Nau Sam,Thap,Xoan,Day,Ram,Dai,Uc
Den,Nho,Den,Nau Sam,Thap,Thang,Vua,Thua,Bet,Phi
Den,Nho,Den,Nau Vua,Thap,Xoan,Vua,Thua,Do,A
Den,Vua,Vang,Nau Sam,Cao,Thang,Mong,Ram,Bet,Uc
Xam,Nho,Den,Nau Sam,Cao,Thang,Vua,Thua,Do,Phi
Den,Nho,Den,Nau Vua,Thap,Thang,Mong,Thua,Do,Uc
Den,To,Vang,Nau Vua,Thap,Luon song,Vua,Ram,Dai,Uc
Den,Nho,Den,Nau Sam,Thap,Thang,Mong,Ram,Dai,Uc
Den,Vua,Vang,Nau Sam,Cao,Xoan,Mong,Ram,Ngan,Uc
Den,To,Den,Nau Vua,Thap,Xoan,Mong,Ram,Do,Au
Den,To,Den,Nau Sam,Thap,Xoan,Day,Thua,Dai,Phi
Den,To,Vang,Nau Vua,Cao,Xoan,Mong,Thua,Do,A
Den,To,Den,Trang Vang,Thap,Thang,Mong,Thua,Do,A
Den,To,Den,Nau Sam,Cao,Luon song,Vua,Ram,Ngan,Uc
Den,Nho,Den,Nau Vua,Thap,Xoan,Vua,Thua,Bet,A
Den,Nho,Den,Nau Vua,Thap,Xoan,Vua,Thua,Bet,A
Den,Nho,Vang,Nau Vua,Thap,Xoan,Mong,Thua,Dai,A
Den,To,Den,Nau Vua,Cao,Xoan,Vua,Thua,Bet,A
Den,Nho,Den,Nau Sam,Cao,Xoan,Day,Thua,Dai,Phi
Xam,Nho,Den,Nau Vua,Thap,Xoan,Vua,Thua,Dai,A
Den,To,Den,Nau Vua,Cao,Luon song,Mong,Ram,Do,Uc
Den,Nho,Den,Nau Vua,Cao,Xoan,Mong,Thua,Do,A
Den,To,Den,Nau Sam,Cao,Luon song,Vua,Ram,Do,Uc
Den,To,Den,Nau Vua,Cao,Thang,Vua,Thua,Dai,A
Xam,Nho,Den,Nau Vua,Thap,Xoan,Mong,Thua,Bet,A
Den,To,Den,Nau Vua,Thap,Xoan,Vua,Ram,Ngan,Au
Den,To,Den,Nau Sam,Cao,Thang,Vua,Ram,Dai,Uc
Den,Nho,Den,Nau Sam,Cao,Xoan,Vua,Ram,Do,Uc
Den,To,Den,Nau Vua,Cao,Thang,Mong,Thua,Bet,A
Den,To,Den,Nau Vua,Cao,Luon song,Vua,Ram,Dai,Uc
Den,Nho,Vang,Nau Vua,Thap,Thang,Mong,Ram,Bet,A
Den,To,Vang,Trang Sang,Thap,Xoan,Day,Ram,Bet,Au
Lam,Nho,Den,Trang Vang,Thap,Thang,Vua,Ram,Bet,Au
Den,Nho,Den,Nau Vua,Cao,Thang,Vua,Ram,Dai,A
Den,Nho,Vang,Nau Sam,Cao,Xoan,Day,Ram,Bet,Uc
Den,To,Den,Nau Sam,Thap,Thang,Mong,Thua,Dai,Uc
Den,Nho,Den,Nau Sam,Thap,Thang,Mong,Thua,Ngan,Phi
Den,To,Den,Nau Vua,Cao,Luon song,Mong,Thua,Ngan,A
Den,Vua,Vang,Nau Sam,Thap,Xoan,Mong,Ram,Bet,Uc
Den,To,Den,Nau Vua,Thap,Luon song,Vua,Ram,Dai,Au
Den,Nho,Den,Trang Vang,Cao,Luon song,Mong,Ram,Bet,Au
Den,Vua,Den,Nau Vua,Cao,Thang,Day,Thua,Dai,A
Den,To,Den,Nau Vua,Cao,Xoan,Day,Thua,Dai,A
Den,To,Den,Nau Vua,Thap,Xoan,Vua,Thua,Dai,A
Den,To,Den,Nau Vua,Thap,Xoan,Vua,Thua,Bet,A
Den,To,Den,Nau Vua,Thap,Luon song,Day,Ram,Bet,Uc
Den,Nho,Den,Nau Sam,Thap,Luon song,Vua,Ram,Bet,Uc
Den,Vua,Den,Nau Sam,Cao,Xoan,Day,Thua,Do,Uc
Den,Nho,Den,Nau Vua,Cao,Xoan,Mong,Thua,Bet,A
Den,To,Den,Trang Sang,Cao,Xoan,Vua,Ram,Do,Au
Den,To,Den,Trang Vang,Thap,Xoan,Day,Ram,Bet,Au
Den,Nho,Den,Nau Vua,Thap,Thang,Vua,Thua,Dai,A
Den,To,Den,Nau Vua,Thap,Xoan,Vua,Thua,Ngan,A
Den,Vua,Den,Nau Vua,Thap,Xoan,Mong,Ram,Ngan,A
Den,Nho,Den,Trang Sang,Cao,Xoan,Day,Ram,Bet,Au
Den,Nho,Den,Nau Vua,Thap,Xoan,Day,Ram,Bet,A
Den,Nho,Den,Nau Vua,Cao,Xoan,Vua,Thua,Do,A
Den,Nho,Vang,Nau Vua,Cao,Thang,Mong,Thua,Dai,A
Den,To,Den,Nau Vua,Cao,Thang,Vua,Ram,Do,Uc
Vang,Nho,Vang,Nau Vua,Thap,Thang,Vua,Thua,Bet,A
Den,To,Den,Nau Vua,Cao,Luon song,Vua,Ram,Bet,Uc
Den,Nho,Den,Nau Vua,Thap,Thang,Mong,Thua,Bet,A
Den,Nho,Den,Nau Vua,Thap,Thang,Day,Ram,Dai,A
Den,To,Den,Nau Vua,Thap,Thang,Day,Thua,Bet,A
Den,Vua,Den,Nau Vua,Cao,Thang,Vua,Ram,Dai,A
Den,To,Den,Trang Vang,Cao,Xoan,Vua,Ram,Do,Au
Den,Nho,Den,Nau Vua,Thap,Xoan,Mong,Thua,Dai,Phi
Den,To,Den,Nau Vua,Cao,Xoan,Vua,Ram,Dai,Au
Den,Nho,Den,Nau Vua,Cao,Xoan,Mong,Thua,Do,A
Lam,Nho,Den,Nau Sam,Cao,Luon song,Mong,Ram,Bet,Uc
Den,To,Den,Nau Vua,Thap,Thang,Vua,Thua,Bet,A
Den,To,Den,Nau Vua,Thap,Xoan,Vua,Thua,Ngan,A
Den,Nho,Den,Nau Sam,Thap,Xoan,Day,Thua,Do,Phi
Den,Nho,Den,Nau Vua,Cao,Xoan,Vua,Ram,Bet,Au
Vang,To,Den,Trang Sang,Cao,Thang,Mong,Thua,Bet,Au
Den,To,Den,Nau Vua,Thap,Thang,Mong,Ram,Do,A
Xam,Nho,Den,Nau Vua,Cao,Luon song,Day,Thua,Bet,Au
Den,To,Den,Nau Vua,Thap,Xoan,Vua,Ram,Do,Phi
Xam,To,Den,Nau Vua,Thap,Xoan,Mong,Ram,Ngan,Au
Den,To,Den,Trang Vang,Cao,Luon song,Mong,Thua,Bet,Au
Den,To,Den,Trang Vang,Cao,Thang,Mong,Ram,Do,Au
Den,To,Den,Nau Sam,Thap,Thang,Mong,Ram,Dai,Au
Den,Nho,Vang,Nau Vua,Cao,Luon song,Day,Ram,Dai,Phi
Den,Nho,Den,Nau Sam,Thap,Xoan,Mong,Thua,Do,A
Den,To,Den,Trang Vang,Cao,Luon song,Vua,Thua,Dai,Au
Den,Nho,Vang,Nau Vua,Thap,Thang,Day,Ram,Bet,A
Den,To,Den,Nau Vua,Thap,Xoan,Day,Thua,Do,Phi
Xam,Vua,Den,Nau Vua,Cao,Thang,Vua,Thua,Do,Au
Den,To,Den,Nau Vua,Thap,Thang,Mong,Ram,Bet,Au
Den,To,Den,Nau Vua,Cao,Xoan,Mong,Thua,Ngan,Au
Den,To,Den,Nau Vua,Cao,Thang,Vua,Ram,Do,A
Den,Nho,Den,Nau Vua,Thap,Xoan,Mong,Ram,Dai,A
Lam,To,Den,Nau Vua,Thap,Xoan,Vua,Thua,Bet,Au
Den,To,Den,Nau Vua,Thap,Thang,Day,Thua,Bet,Au
Den,To,Den,Nau Vua,Cao,Xoan,Mong,Ram,Bet,Phi
Den,To,Den,Nau Vua,Thap,Thang,Vua,Ram,Bet,Au
Den,To,Den,Nau Sam,Thap,Xoan,Vua,Thua,Bet,Phi
Den,Vua,Den,Nau Vua,Cao,Thang,Day,Thua,Dai,Phi
Den,Nho,Den,Nau Vua,Thap,Thang,Mong,Ram,Dai,Uc
Lam,To,Den,Trang Sang,Thap,Thang,Mong,Thua,Bet,Au
Den,Nho,Den,Nau Sam,Cao,Thang,Day,Ram,Do,Phi
Den,To,Den,Trang Sang,Thap,Thang,Day,Thua,Bet,Au
Den,To,Den,Nau Vua,Thap,Luon song,Mong,Thua,Do,Uc
Den,To,Den,Nau Vua,Thap,Luon song,Mong,Thua,Do,Uc
Den,Nho,Den,Nau Vua,Thap,Luon song,Mong,Ram,Bet,Uc
Den,Nho,Vang,Nau Vua,Thap,Thang,Day,Ram,Do,Au
Den,Nho,Den,Nau Vua,Thap,Thang,Mong,Ram,Bet,A
Den,To,Den,Nau Vua,Cao,Xoan,Day,Ram,Dai,Uc
Lam,Nho,Den,Nau Vua,Thap,Xoan,Day,Ram,Bet,Au
Den,To,Den,Nau Vua,Thap,Thang,Day,Thua,Dai,A
Den,Nho,Den,Nau Sam,Thap,Thang,Mong,Ram,Do,Phi
Den,Nho,Den,Nau Sam,Thap,Thang,Day,Ram,Do,Phi
Den,To,Den,Nau Vua,Thap,Xoan,Day,Ram,Bet,A
Den,Nho,Den,Nau Vua,Thap,Thang,Mong,Ram,Ngan,A
Den,To,Den,Nau Sam,Thap,Luon song,Day,Ram,Dai,Uc
Den,Nho,Vang,Nau Vua,Thap,Xoan,Day,Ram,Dai,Au
Den,Nho,Den,Nau Sam,Thap,Xoan,Mong,Ram,Dai,Phi
Den,To,Den,Nau Vua,Thap,Luon song,Mong,Ram,Bet,Uc
Den,To,Den,Nau Sam,Thap,Luon song,Day,Thua,Bet,Phi
Den,Nho,Den,Nau Vua,Thap,Xoan,Day,Ram,Bet,A
Den,To,Vang,Nau Sam,Thap,Thang,Day,Ram,Ngan,Au
Lam,Nho,Den,Nau Sam,Thap,Xoan,Day,Ram,Bet,Au
Den,To,Den,Nau Vua,Cao,Luon song,Day,Thua,Dai,Uc
Den,Nho,Den,Nau Vua,Cao,Xoan,Mong,Ram,Do,Uc
Den,Nho,Den,Nau Vua,Thap,Xoan,Day,Ram,Bet,A
Den,To,Den,Nau Vua,Thap,Xoan,Mong,Ram,Do,A
Den,Nho,Den,Nau Sam,Thap,Thang,Day,Thua,Bet,Phi
Den,Nho,Den,Trang Sang,Thap,Xoan,Day,Ram,Bet,Au
Lam,Nho,Den,Nau Vua,Thap,Xoan,Day,Ram,Dai,Au
Den,To,Den,Trang Vang,Thap,Thang,Day,Ram,Bet,A
Lam,Nho,Den,Nau Sam,Thap,Thang,Day,Ram,Do,Au
Den,To,Den,Nau Vua,Thap,Luon song,Mong,Ram,Bet,Uc
Den,Nho,Den,Nau Sam,Thap,Luon song,Day,Ram,Ngan,Uc
Den,To,Den,Nau Vua,Thap,Thang,Mong,Ram,Ngan,A
Den,Nho,Den,Nau Vua,Thap,Thang,Day,Ram,Dai,A
Den,To,Den,Trang Vang,Thap,Luon song,Day,Ram,Bet,A
Den,Nho,Den,Nau Vua,Thap,Thang,Day,Ram,Dai,A
Den,Nho,Den,Nau Vua,Thap,Xoan,Day,Ram,Dai,A
Den,Nho,Den,Nau Vua,Thap,Thang,Day,Thua,Bet,A
Den,To,Den,Nau Sam,Thap,Xoan,Day,Ram,Bet,Phi
Den,Nho,Den,Nau Vua,Thap,Thang,Mong,Thua,Bet,A
Den,Nho,Den,Nau Vua,Thap,Thang,Day,Ram,Do,A
Den,To,Vang,Nau Vua,Thap,Luon song,Mong,Ram,Ngan,Au
Den,Nho,Den,Nau Vua,Thap,Luon song,Day,Thua,Dai,Uc
Vang,To,Den,Nau Sam,Thap,Xoan,Day,Thua,Bet,Au
Lam,Nho,Den,Nau Sam,Thap,Thang,Day,Ram,Bet,Au
Lam,Nho,Den,Nau Sam,Thap,Luon song,Mong,Ram,Dai,Au
Den,To,Den,Nau Vua,Thap,Luon song,Day,Ram,Do,Uc
Den,To,Den,Nau Vua,Thap,Xoan,Day,Ram,Bet,A
Den,Nho,Den,Nau Vua,Thap,Xoan,Day,Ram,Dai,A
Den,To,Den,Nau Vua,Cao,Thang,Mong,Thua,Ngan,A
Den,Nho,Den,Nau Vua,Thap,Xoan,Day,Thua,Dai,A
Den,Nho,Den,Nau Vua,Cao,Thang,Day,Thua,Dai,A
Den,Nho,Den,Nau Vua,Thap,Luon song,Day,Thua,Dai,Uc
Den,To,Den,Nau Vua,Thap,Xoan,Day,Ram,Ngan,A
Den,Nho,Vang,Nau Vua,Cao,Xoan,Day,Ram,Do,Au
Den,To,Den,Nau Vua,Thap,Luon song,Mong,Ram,Dai,Uc
Den,Nho,Den,Nau Vua,Cao,Xoan,Day,Ram,Bet,Uc
Den,To,Den,Nau Vua,Thap,Luon song,Day,Ram,Dai,Uc
Vang,Nho,Den,Nau Vua,Thap,Thang,Day,Ram,Bet,Au
Den,To,Den,Nau Vua,Thap,Xoan,Mong,Ram,Do,A
Den,Nho,Den,Nau Vua,Thap,Luon song,Mong,Thua,Do,Uc
Den,Nho,Den,Trang Sang,Thap,Thang,Day,Thua,Do,Au
Den,To,Vang,Nau Vua,Thap,Thang,Day,Ram,Bet,Au
Den,Nho,Den,Nau Sam,Cao,Xoan,Mong,Ram,Bet,Phi
Den,To,Den,Nau Vua,Thap,Thang,Mong,Ram,Do,A
Den,Nho,Den,Nau Sam,Cao,Thang,Day,Ram,Ngan,Phi
Den,To,Den,Nau Vua,Thap,Xoan,Mong,Thua,Do,A
Den,To,Den,Nau Vua,Thap,Thang,Mong,Thua,Bet,A
Den,To,Den,Nau Vua,Cao,Thang,Mong,Ram,Do,Uc
Den,Nho,Vang,Nau Sam,Thap,Xoan,Day,Ram,Do,Au
Lam,To,Vang,Nau Vua,Thap,Luon song,Day,Ram,Bet,Au
Lam,Nho,Den,Nau Vua,Thap,Luon song,Mong,Ram,Bet,Au
Den,To,Den,Nau Vua,Thap,Luon song,Mong,Ram,Bet,Uc
Den,To,Den,Nau Vua,Thap,Xoan,Day,Ram,Bet,A
Den,To,Den,Nau Vua,Thap,Luon song,Mong,Ram,Dai,Uc
Den,Nho,Den,Nau Vua,Cao,Luon song,Day,Ram,Do,Uc
Lam,Nho,Do,Nau Vua,Cao,Luon song,Day,Ram,Bet,Au
Den,Nho,Den,Trang Vang,Thap,Thang,Mong,Thua,Bet,A
Den,Nho,Den,Nau Sam,Thap,Xoan,Mong,Ram,Bet,Phi
Den,Nho,Den,Nau Vua,Thap,Xoan,Day,Ram,Bet,A
Den,Nho,Den,Nau Vua,Cao,Luon song,Day,Thua,Do,Uc
Den,Nho,Den,Nau Vua,Thap,Xoan,Day,Thua,Dai,A
Den,Nho,Den,Trang Vang,Thap,Luon song,Day,Ram,Bet,A
Den,Nho,Den,Nau Sam,Cao,Xoan,Day,Ram,Dai,Phi
Den,To,Den,Nau Vua,Thap,Thang,Day,Thua,Ngan,A
Den,To,Den,Nau Vua,Thap,Thang,Mong,Ram,Do,A
Den,Nho,Den,Nau Vua,Cao,Luon song,Day,Ram,Do,Uc
Den,Nho,Den,Nau Sam,Thap,Thang,Mong,Ram,Bet,Phi
Den,Nho,Do,Nau Vua,Cao,Xoan,Day,Ram,Ngan,Au
Den,Nho,Den,Nau Vua,Thap,Luon song,Mong,Ram,Ngan,Uc
Den,To,Den,Nau Vua,Cao,Xoan,Day,Ram,Bet,Uc
Den,To,Den,Trang Vang,Thap,Luon song,Mong,Ram,Bet,A
Den,Nho,Den,Nau Vua,Cao,Thang,Mong,Ram,Bet,Uc
Den,To,Den,Nau Vua,Thap,Xoan,Day,Ram,Do,A
Den,Nho,Do,Nau Vua,Cao,Thang,Day,Ram,Do,Au
Den,Nho,Den,Nau Sam,Cao,Xoan,Day,Ram,Do,Phi
Den,Nho,Den,Nau Sam,Thap,Xoan,Mong,Thua,Bet,Phi
Den,To,Den,Nau Vua,Thap,Luon song,Mong,Ram,Bet,Uc
Den,Nho,Den,Nau Vua,Thap,Luon song,Day,Ram,Do,Uc
Den,To,Den,Nau Vua,Thap,Xoan,Day,Ram,Ngan,A
Den,Nho,Den,Nau Sam,Thap,Luon song,Day,Ram,Ngan,Uc
Den,To,Vang,Nau Vua,Cao,Luon song,Mong,Thua,Do,Au
Den,To,Den,Nau Vua,Thap,Xoan,Mong,Ram,Bet,A
Den,To,Den,Nau Vua,Thap,Xoan,Mong,Thua,Bet,A
Vang,Nho,Den,Nau Sam,Cao,Xoan,Mong,Ram,Dai,Au
Den,Nho,Do,Nau Sam,Thap,Xoan,Mong,Ram,Bet,Au
Den,To,Den,Nau Vua,Thap,Xoan,Day,Ram,Bet,A
Lam,Nho,Den,Nau Vua,Thap,Xoan,Mong,Ram,Dai,Au
Den,To,Den,Nau Vua,Thap,Luon song,Day,Thua,Bet,Uc
Den,Nho,Den,Nau Vua,Thap,Thang,Day,Ram,Bet,A
Den,Nho,Den,Nau Vua,Thap,Xoan,Day,Ram,Ngan,A
Den,To,Den,Nau Sam,Thap,Thang,Day,Thua,Do,Phi
Lam,To,Den,Nau Vua,Thap,Thang,Day,Ram,Dai,Au
Den,Nho,Den,Nau Vua,Thap,Xoan,Mong,Ram,Bet,A
Lam,Nho,Den,Nau Vua,Cao,Thang,Mong,Thua,Ngan,Au
Den,To,Vang,Nau Vua,Thap,Thang,Day,Ram,Bet,Au
Den,Nho,Den,Nau Vua,Thap,Thang,Day,Thua,Do,A
Den,To,Den,Nau Sam,Thap,Xoan,Mong,Ram,Bet,Phi
Den,To,Den,Nau Sam,Thap,Thang,Mong,Thua,Bet,Phi
Den,Nho,Den,Trang Vang,Thap,Xoan,Day,Ram,Bet,A
Den,Nho,Den,Nau Vua,Thap,Luon song,Day,Ram,Dai,Uc
Vang,Nho,Den,Nau Vua,Thap,Thang,Mong,Thua,Dai,Au
Den,To,Den,Nau Vua,Thap,Luon song,Mong,Ram,Bet,Uc
Den,Nho,Den,Nau Vua,Thap,Thang,Day,Ram,Bet,A
Den,Nho,Den,Nau Vua,Thap,Thang,Day,Ram,Do,A
Den,Nho,Do,Nau Vua,Cao,Thang,Day,Ram,Do,Au
Den,Nho,Den,Nau Vua,Thap,Luon song,Day,Ram,Do,Uc
Den,To,Den,Trang Vang,Thap,Luon song,Day,Ram,Dai,A
Den,To,Den,Nau Vua,Thap,Xoan,Day,Thua,Ngan,A
Den,To,Den,Nau Vua,Cao,Xoan,Day,Ram,Bet,Uc
Vang,To,Den,Nau Vua,Thap,Luon song,Day,Ram,Bet,Au
Den,Nho,Den,Nau Sam,Thap,Xoan,Mong,Ram,Dai,Phi
Den,To,Den,Nau Vua,Thap,Thang,Mong,Ram,Ngan,A
Den,Nho,Den,Nau Sam,Thap,Xoan,Mong,Ram,Dai,Phi
Den,Nho,Vang,Nau Vua,Thap,Thang,Mong,Ram,Bet,Au
Den,Nho,Den,Nau Vua,Thap,Luon song,Mong,Thua,Do,Uc
Den,To,Den,Nau Sam,Thap,Luon song,Day,Ram,Dai,Uc
Den,To,Den,Nau Vua,Thap,Luon song,Day,Ram,Ngan,Uc
Vang,To,Den,Nau Vua,Thap,Luon song,Day,Ram,Ngan,Au
Den,To,Den,Nau Vua,Thap,Thang,Mong,Thua,Bet,A
Den,To,Den,Nau Sam,Cao,Xoan,Mong,Thua,Bet,Phi
Den,Nho,Den,Nau Vua,Thap,Thang,Day,Ram,Dai,A
Lam,To,Den,Nau Vua,Thap,Luon song,Day,Ram,Dai,Au
Den,Nho,Den,Nau Vua,Cao,Xoan,Day,Ram,Dai,Uc
Den,Nho,Den,Nau Vua,Cao,Thang,Day,Ram,Dai,Uc
Den,To,Den,Trang Vang,Thap,Xoan,Mong,Ram,Bet,A
Den,Nho,Den,Nau Sam,Thap,Thang,Mong,Thua,Bet,Phi
Den,To,Den,Nau Vua,Cao,Xoan,Day,Thua,Ngan,A
Den,Nho,Den,Trang Vang,Cao,Luon song,Day,Thua,Do,A
Lam,To,Den,Nau Vua,Thap,Luon song,Mong,Ram,Bet,Au
Den,Nho,Den,Nau Sam,Thap,Luon song,Day,Ram,Bet,Uc
Den,Nho,Den,Nau Vua,Thap,Xoan,Day,Ram,Dai,A
Den,Nho,Den,Trang Vang,Cao,Thang,Day,Thua,Bet,A
Den,Nho,Den,Nau Sam,Thap,Luon song,Mong,Ram,Dai,Uc
Den,Nho,Den,Nau Sam,Thap,Thang,Mong,Thua,Bet,Phi
Den,Nho,Den,Nau Vua,Thap,Xoan,Mong,Ram,Do,A
Den,To,Den,Nau Vua,Cao,Xoan,Mong,Ram,Do,Uc
Den,To,Den,Nau Vua,Cao,Luon song,Day,Ram,Bet,Uc
Den,Nho,Den,Nau Sam,Thap,Luon song,Day,Ram,Ngan,Uc
Den,Nho,Den,Nau Vua,Thap,Xoan,Day,Ram,Ngan,A
Den,To,Den,Nau Vua,Thap,Xoan,Day,Ram,Do,A
Den,To,Den,Nau Vua,Thap,Xoan,Day,Ram,Bet,A
Den,Nho,Den,Nau Sam,Thap,Luon song,Day,Ram,Do,Uc
Den,Nho,Den,Nau Sam,Cao,Xoan,Mong,Ram,Bet,Phi
Den,Nho,Den,Nau Vua,Cao,Xoan,Day,Ram,Ngan,Uc
Den,To,Den,Trang Vang,Thap,Luon song,Day,Ram,Dai,A
Den,To,Vang,Nau Vua,Thap,Thang,Mong,Thua,Dai,Au
Den,Nho,Den,Nau Sam,Thap,Xoan,Day,Ram,Bet,Phi
Den,To,Den,Nau Vua,Thap,Xoan,Mong,Ram,Bet,A
Den,Nho,Vang,Nau Vua,Thap,Luon song,Day,Ram,Bet,Au
Lam,Nho,Den,Nau Sam,Thap,Luon song,Mong,Ram,Dai,Au
Lam,To,Den,Nau Sam,Cao,Xoan,Day,Ram,Ngan,Au
Den,To,Den,Nau Vua,Thap,Luon song,Mong,Thua,Ngan,Uc
Den,To,Vang,Nau Vua,Cao,Xoan,Mong,Ram,Do,Au
Den,To,Den,Nau Sam,Thap,Xoan,Day,Thua,Bet,Phi
Den,To,Den,Nau Vua,Thap,Luon song,Mong,Ram,Do,Uc
Den,Nho,Den,Nau Sam,Cao,Luon song,Mong,Ram,Bet,Uc
Den,Nho,Den,Nau Vua,Cao,Luon song,Mong,Thua,Dai,Uc
Den,Nho,Den,Nau Sam,Thap,Luon song,Day,Ram,Bet,Uc
Den,Nho,Den,Nau Vua,Thap,Xoan,Mong,Thua,Bet,A
Den,Nho,Den,Nau Sam,Thap,Xoan,Mong,Thua,Dai,Phi
Den,Nho,Den,Nau Vua,Thap,Xoan,Mong,Ram,Bet,A
Lam,Nho,Den,Nau Vua,Cao,Xoan,Mong,Ram,Bet,Au
Den,Nho,Den,Nau Sam,Thap,Thang,Mong,Ram,Bet,Phi
Den,To,Den,Nau Sam,Thap,Xoan,Day,Ram,Bet,Phi
Den,To,Den,Nau Sam,Thap,Xoan,Day,Ram,Ngan,Phi
Den,Nho,Den,Nau Sam,Cao,Thang,Day,Ram,Do,Phi
Den,To,Den,Nau Sam,Thap,Xoan,Day,Ram,Bet,Phi
Den,Nho,Den,Nau Vua,Thap,Thang,Day,Ram,Do,A
Den,Nho,Den,Nau Sam,Thap,Xoan,Mong,Ram,Bet,Phi
Den,To,Den,Nau Vua,Cao,Xoan,Day,Ram,Do,Uc
Den,To,Den,Nau Vua,Cao,Luon song,Mong,Ram,Bet,Uc
Lam,Nho,Den,Nau Vua,Thap,Luon song,Day,Ram,Do,Au
Den,To,Den,Nau Vua,Thap,Thang,Day,Thua,Bet,A
Den,Nho,Den,Nau Vua,Thap,Luon song,Mong,Ram,Bet,Uc
Lam,To,Den,Nau Sam,Thap,Thang,Mong,Ram,Dai,Au
Den,Nho,Den,Nau Sam,Thap,Luon song,Day,Ram,Bet,Uc
Lam,Nho,Den,Nau Vua,Thap,Xoan,Day,Ram,Do,Au
Den,Nho,Vang,Nau Vua,Thap,Luon song,Mong,Ram,Dai,Au
Den,Nho,Den,Trang Sang,Thap,Xoan,Mong,Ram,Bet,Au
Den,To,Den,Nau Vua,Thap,Xoan,Mong,Ram,Bet,A
Den,To,Den,Nau Sam,Thap,Thang,Mong,Ram,Dai,Phi
Den,Nho,Den,Trang Vang,Cao,Luon song,Day,Ram,Dai,Au
Den,Nho,Den,Nau Vua,Cao,Luon song,Day,Ram,Dai,Uc
Den,Nho,Den,Nau Vua,Cao,Thang,Day,Ram,Ngan,Uc
Den,Nho,Den,Nau Sam,Thap,Xoan,Mong,Ram,Bet,Phi
Den,Nho,Den,Nau Vua,Thap,Thang,Mong,Ram,Do,A
Den,Nho,Den,Nau Vua,Thap,Xoan,Day,Ram,Bet,A
Den,To,Den,Nau Vua,Thap,Thang,Mong,Ram,Ngan,A
Den,To,Den,Nau Sam,Thap,Luon song,Day,Ram,Bet,Uc
Lam,Nho,Den,Nau Vua,Thap,Xoan,Mong,Ram,Bet,Au
Den,Nho,Den,Nau Vua,Thap,Xoan,Mong,Ram,Bet,A
Den,Nho,Den,Trang Vang,Thap,Xoan,Mong,Ram,Bet,A
Den,Nho,Den,Nau Vua,Cao,Luon song,Day,Thua,Dai,Uc
Den,To,Den,Nau Vua,Cao,Thang,Mong,Thua,Dai,A
Den,To,Vang,Nau Vua,Thap,Thang,Mong,Thua,Bet,Au
Den,To,Den,Nau Vua,Thap,Luon song,Mong,Ram,Bet,Uc
Den,Nho,Den,Nau Vua,Thap,Thang,Mong,Thua,Ngan,A
Den,To,Den,Nau Sam,Thap,Thang,Mong,Ram,Ngan,Phi
Den,Nho,Den,Nau Vua,Thap,Xoan,Day,Ram,Bet,A
Den,To,Den,Nau Vua,Thap,Xoan,Mong,Thua,Do,A
Den,Nho,Vang,Nau Vua,Thap,Xoan,Day,Ram,Do,Au
Lam,Nho,Den,Nau Vua,Thap,Luon song,Day,Ram,Do,Au
Den,Nho,Vang,Nau Vua,Thap,Luon song,Day,Ram,Bet,Au
Den,To,Den,Nau Sam,Thap,Thang,Mong,Ram,Ngan,Phi
Den,Nho,Den,Trang Vang,Thap,Thang,Mong,Ram,Ngan,A
Den,To,Den,Nau Vua,Thap,Thang,Day,Ram,Do,A
Den,Nho,Den,Nau Sam,Thap,Xoan,Day,Ram,Do,Phi
Den,Nho,Den,Nau Vua,Thap,Luon song,Day,Ram,Do,Uc
Den,To,Den,Nau Sam,Thap,Xoan,Mong,Thua,Bet,Phi
Den,Nho,Den,Nau Vua,Thap,Thang,Day,Ram,Bet,A
Den,To,Den,Nau Vua,Thap,Thang,Day,Ram,Bet,A
Den,To,Den,Nau Vua,Thap,Xoan,Mong,Thua,Bet,A
Den,Nho,Den,Nau Sam,Cao,Luon song,Day,Ram,Ngan,Uc
Den,Nho,Den,Nau Vua,Thap,Thang,Mong,Ram,Do,A
Den,Nho,Den,Nau Sam,Thap,Thang,Mong,Ram,Do,Phi
Den,Nho,Den,Nau Sam,Thap,Xoan,Day,Thua,Do,Phi
Den,Nho,Den,Nau Vua,Thap,Thang,Mong,Thua,Bet,A
Den,Nho,Den,Nau Vua,Thap,Luon song,Day,Ram,Dai,Uc
Den,To,Den,Nau Vua,Thap,Thang,Day,Ram,Dai,A
Den,To,Den,Nau Vua,Thap,Luon song,Mong,Thua,Ngan,Uc
Den,To,Den,Nau Sam,Thap,Xoan,Mong,Ram,Bet,Phi
Lam,Nho,Den,Nau Vua,Cao,Thang,Mong,Ram,Dai,Au
Den,Nho,Den,Nau Vua,Cao,Luon song,Day,Ram,Dai,Uc
Den,To,Den,Nau Vua,Thap,Thang,Day,Ram,Bet,A
Lam,Nho,Den,Nau Sam,Thap,Xoan,Mong,Ram,Do,Au
Den,Nho,Den,Nau Vua,Thap,Xoan,Day,Ram,Bet,A
Den,To,Den,Trang Vang,Thap,Thang,Day,Thua,Ngan,A
Lam,Nho,Den,Nau Sam,Thap,Thang,Day,Ram,Do,Au
Lam,Nho,Den,Nau Vua,Thap,Xoan,Day,Ram,Do,Au
Den,Nho,Den,Nau Sam,Thap,Luon song,Day,Ram,Do,Uc
Den,Nho,Den,Nau Sam,Cao,Thang,Day,Ram,Bet,Phi
Den,Nho,Den,Nau Vua,Thap,Luon song,Day,Thua,Dai,Uc
Den,To,Vang,Nau Vua,Cao,Xoan,Mong,Thua,Ngan,Au
Den,To,Den,Nau Vua,Thap,Xoan,Day,Ram,Dai,A
Den,Nho,Den,Nau Vua,Thap,Luon song,Day,Ram,Bet,Uc
Den,To,Den,Nau Vua,Thap,Thang,Mong,Ram,Dai,A
Den,Nho,Den,Nau Sam,Thap,Luon song,Day,Thua,Dai,Phi
Lam,Nho,Den,Nau Vua,Thap,Thang,Day,Ram,Ngan,Au
Lam,Nho,Den,Nau Sam,Cao,Thang,Day,Thua,Dai,Au
Den,To,Den,Nau Vua,Cao,Xoan,Mong,Ram,Dai,Uc
Den,To,Den,Nau Vua,Thap,Thang,Day,Ram,Dai,A
Den,To,Den,Nau Vua,Thap,Thang,Mong,Thua,Bet,A
Den,To,Den,Nau Vua,Cao,Luon song,Mong,Thua,Dai,Uc
Den,Nho,Den,Nau Vua,Thap,Luon song,Day,Thua,Do,Uc
Den,Nho,Den,Nau Sam,Cao,Thang,Mong,Thua,Do,Phi
Den,Nho,Den,Nau Vua,Cao,Thang,Day,Thua,Ngan,A
Den,Nho,Den,Nau Vua,Thap,Xoan,Mong,Thua,Dai,A
Den,Nho,Den,Nau Vua,Thap,Thang,Mong,Ram,Dai,A
Den,Nho,Den,Nau Vua,Thap,Thang,Day,Thua,Do,A
Den,To,Den,Nau Vua,Thap,Xoan,Day,Ram,Do,A
Den,To,Den,Trang Vang,Thap,Xoan,Mong,Ram,Bet,A
Den,Nho,Den,Nau Sam,Cao,Xoan,Day,Thua,Ngan,Phi
Den,Nho,Den,Nau Vua,Cao,Luon song,Day,Ram,Bet,Uc
Den,To,Den,Nau Vua,Thap,Thang,Day,Thua,Do,A
Den,To,Den,Nau Vua,Thap,Xoan,Day,Ram,Dai,A
Den,Nho,Den,Nau Sam,Thap,Xoan,Mong,Ram,Do,Phi
Den,Nho,Vang,Nau Vua,Thap,Xoan,Day,Ram,Bet,Au
Den,To,Den,Nau Sam,Thap,Thang,Day,Ram,Bet,Phi
Den,Nho,Vang,Nau Sam,Thap,Thang,Mong,Ram,Bet,Au
Den,To,Den,Trang Vang,Thap,Xoan,Mong,Ram,Bet,A
Den,To,Den,Nau Vua,Thap,Thang,Day,Ram,Ngan,A
Den,To,Vang,Nau Vua,Thap,Luon song,Mong,Ram,Bet,Au
Den,Nho,Den,Nau Vua,Cao,Luon song,Day,Ram,Dai,Uc
Den,Nho,Den,Nau Vua,Thap,Luon song,Mong,Thua,Bet,Uc
Den,Nho,Den,Nau Vua,Cao,Luon song,Day,Thua,Bet,Uc
Den,To,Den,Nau Vua,Thap,Thang,Day,Ram,Bet,A
Den,To,Den,Nau Vua,Thap,Xoan,Mong,Ram,Bet,A
Den,Nho,Den,Nau Vua,Cao,Thang,Day,Ram,Bet,Uc
Den,Nho,Den,Nau Vua,Thap,Xoan,Day,Ram,Bet,A
Den,Nho,Den,Nau Vua,Thap,Xoan,Day,Ram,Dai,A
Den,To,Vang,Nau Sam,Thap,Luon song,Day,Thua,Do,Au
Den,Nho,Den,Nau Sam,Thap,Thang,Day,Ram,Bet,Phi
Den,To,Den,Nau Vua,Thap,Luon song,Day,Ram,Dai,Uc
Den,Nho,Den,Nau Sam,Thap,Xoan,Day,Thua,Dai,Phi
Den,To,Den,Nau Vua,Thap,Luon song,Day,Thua,Do,Uc
Den,Nho,Vang,Nau Vua,Thap,Xoan,Mong,Ram,Do,Au
Den,Nho,Den,Nau Sam,Thap,Luon song,Mong,Ram,Dai,Uc
Den,To,Den,Nau Vua,Cao,Xoan,Day,Thua,Do,A
Lam,To,Den,Nau Sam,Cao,Xoan,Mong,Ram,Do,Au
Den,Nho,Den,Nau Vua,Thap,Xoan,Day,Ram,Do,A
Den,Nho,Den,Trang Vang,Thap,Thang,Day,Ram,Ngan,A
Den,Nho,Den,Trang Vang,Thap,Thang,Day,Ram,Bet,A
Den,Nho,Den,Nau Sam,Cao,Xoan,Day,Ram,Bet,Phi
Den,Nho,Den,Nau Vua,Thap,Thang,Mong,Ram,Dai,A
Den,Nho,Den,Nau Vua,Thap,Xoan,Mong,Ram,Dai,A
Den,To,Den,Nau Sam,Thap,Thang,Day,Ram,Dai,Phi
Den,To,Den,Nau Vua,Thap,Luon song,Mong,Ram,Dai,Uc
Den,Nho,Den,Nau Vua,Thap,Xoan,Mong,Thua,Bet,A
Den,To,Den,Nau Vua,Thap,Luon song,Mong,Thua,Bet,Uc
Den,Nho,Do,Nau Sam,Thap,Luon song,Day,Thua,Bet,Au
Den,Nho,Den,Trang Sang,Thap,Thang,Day,Thua,Dai,Au
Den,Nho,Den,Nau Vua,Thap,Thang,Day,Ram,Dai,A
Den,Nho,Den,Nau Vua,Cao,Xoan,Day,Ram,Bet,Uc
Den,Nho,Den,Nau Vua,Thap,Xoan,Mong,Ram,Ngan,A
Den,Nho,Den,Nau Vua,Cao,Xoan,Day,Ram,Dai,Uc
Den,To,Den,Nau Vua,Thap,Xoan,Mong,Ram,Ngan,A
Den,Nho,Den,Nau Vua,Thap,Xoan,Mong,Thua,Bet,A
Den,Nho,Den,Nau Sam,Thap,Xoan,Day,Thua,Ngan,Phi
Den,Nho,Den,Nau Sam,Thap,Luon song,Mong,Thua,Do,Phi
Den,To,Den,Nau Sam,Thap,Xoan,Day,Ram,Ngan,Phi
Den,Nho,Do,Nau Vua,Thap,Luon song,Mong,Ram,Ngan,Au
Den,To,Den,Nau Vua,Thap,Luon song,Day,Thua,Bet,Uc
Den,Nho,Do,Nau Vua,Cao,Xoan,Day,Ram,Do,Au
Den,Nho,Den,Nau Vua,Cao,Xoan,Mong,Ram,Bet,Uc
Den,To,Den,Nau Sam,Thap,Xoan,Mong,Ram,Dai,Phi
Den,To,Den,Nau Vua,Thap,Thang,Day,Ram,Ngan,A
Den,To,Den,Nau Vua,Thap,Thang,Mong,Thua,Bet,A
Den,Nho,Den,Nau Sam,Thap,Xoan,Mong,Ram,Do,Phi
Lam,To,Den,Nau Sam,Thap,Thang,Mong,Ram,Do,Au
Den,To,Den,Nau Vua,Thap,Xoan,Mong,Ram,Bet,A
Den,To,Den,Nau Sam,Thap,Luon song,Mong,Ram,Bet,Uc
Den,Nho,Den,Nau Vua,Thap,Thang,Day,Thua,Dai,A
Den,To,Den,Nau Vua,Cao,Luon song,Mong,Ram,Bet,Uc
Den,To,Den,Nau Sam,Thap,Luon song,Mong,Ram,Bet,Uc
Lam,Nho,Den,Nau Vua,Thap,Luon song,Day,Thua,Bet,Au
Den,Nho,Den,Nau Vua,Thap,Thang,Mong,Ram,Do,A
Den,Nho,Den,Nau Sam,Thap,Luon song,Day,Ram,Do,Uc
Den,To,Den,Trang Vang,Cao,Luon song,Mong,Ram,Ngan,Au
Den,To,Den,Nau Vua,Thap,Xoan,Mong,Ram,Bet,A
Den,Nho,Den,Nau Vua,Thap,Xoan,Mong,Ram,Bet,A
Den,To,Den,Nau Sam,Thap,Thang,Mong,Thua,Do,Phi
Den,To,Do,Nau Vua,Thap,Xoan,Day,Ram,Do,Au
Den,Nho,Vang,Nau Sam,Cao,Xoan,Day,Ram,Bet,Au
Den,To,Vang,Nau Sam,Thap,Luon song,Day,Ram,Dai,Au
Den,To,Den,Nau Sam,Thap,Thang,Mong,Ram,Ngan,Phi
Den,Nho,Den,Nau Vua,Thap,Luon song,Mong,Ram,Dai,Uc
Den,Nho,Den,Nau Sam,Thap,Xoan,Day,Ram,Bet,Phi
Den,Nho,Den,Nau Vua,Thap,Xoan,Day,Thua,Ngan,A
Den,To,Den,Nau Sam,Thap,Xoan,Mong,Thua,Ngan,Phi
Lam,Nho,Den,Nau Vua,Cao,Luon song,Mong,Thua,Bet,Au
Den,To,Vang,Nau Vua,Thap,Xoan,Mong,Ram,Bet,Au
Den,Nho,Den,Nau Vua,Thap,Thang,Day,Ram,Bet,A
Den,Nho,Den,Nau Vua,Thap,Thang,Mong,Ram,Do,A
Den,Nho,Den,Nau Vua,Thap,Luon song,Mong,Ram,Bet,Uc
Den,Nho,Den,Nau Sam,Cao,Luon song,Mong,Thua,Do,Phi
Den,Nho,Vang,Nau Vua,Cao,Xoan,Mong,Ram,Bet,Au
Den,Nho,Den,Nau Sam,Cao,Xoan,Day,Ram,Bet,Phi
Den,To,Den,Nau Sam,Thap,Thang,Mong,Ram,Bet,Phi
Den,Nho,Den,Nau Vua,Cao,Luon song,Day,Ram,Bet,Uc
Den,Nho,Den,Nau Vua,Thap,Luon song,Day,Ram,Bet,Uc
Den,To,Den,Nau Sam,Thap,Xoan,Day,Ram,Ngan,Phi
Den,Nho,Den,Nau Vua,Thap,Xoan,Mong,Ram,Dai,A
Den,Nho,Den,Nau Sam,Thap,Luon song,Day,Ram,Do,Uc
Den,Nho,Den,Trang Sang,Thap,Xoan,Day,Ram,Ngan,Au
Den,Nho,Den,Nau Vua,Cao,Xoan,Day,Thua,Bet,A
Den,Nho,Vang,Nau Sam,Cao,Luon song,Day,Ram,Ngan,Au
Den,To,Den,Nau Sam,Thap,Thang,Day,Ram,Bet,Phi
Lam,Nho,Den,Nau Sam,Cao,Luon song,Mong,Ram,Bet,Au
Den,To,Den,Nau Vua,Thap,Xoan,Day,Ram,Dai,A
Den,Nho,Den,Nau Vua,Thap,Xoan,Day,Ram,Do,A
Den,To,Den,Nau Vua,Thap,Xoan,Mong,Ram,Bet,A
Den,To,Den,Nau Sam,Thap,Thang,Day,Ram,Dai,Phi
Den,To,Den,Nau Vua,Thap,Luon song,Day,Thua,Dai,Uc
Den,To,Den,Nau Vua,Thap,Xoan,Day,Thua,Ngan,A
Den,To,Den,Nau Vua,Cao,Xoan,Day,Thua,Bet,A
Lam,Nho,Den,Nau Sam,Thap,Luon song,Day,Ram,Bet,Au
Den,Nho,Do,Nau Sam,Cao,Thang,Mong,Thua,Bet,Au
Den,To,Den,Nau Vua,Thap,Luon song,Mong,Ram,Dai,Uc
Den,To,Den,Nau Vua,Thap,Xoan,Day,Ram,Dai,A
Den,To,Den,Nau Sam,Thap,Thang,Mong,Ram,Bet,Phi
Den,Nho,Den,Nau Vua,Thap,Luon song,Mong,Ram,Dai,Uc
Den,To,Den,Nau Vua,Thap,Thang,Mong,Ram,Bet,A
Den,Nho,Den,Nau Sam,Thap,Xoan,Day,Ram,Do,Phi
Den,Nho,Den,Trang Vang,Thap,Thang,Day,Thua,Dai,A
Den,Nho,Den,Nau Vua,Thap,Thang,Mong,Ram,Bet,A
Den,Nho,Den,Nau Vua,Thap,Luon song,Day,Ram,Bet,Uc
Den,Nho,Den,Nau Vua,Thap,Luon song,Day,Ram,Bet,Uc
Lam,Nho,Vang,Nau Sam,Thap,Xoan,Day,Ram,Bet,Au
Den,To,Den,Nau Vua,Cao,Xoan,Mong,Thua,Do,A
Den,To,Den,Nau Sam,Thap,Xoan,Mong,Thua,Bet,Phi
Den,To,Den,Nau Sam,Thap,Thang,Mong,Thua,Dai,Phi
Den,To,Den,Nau Sam,Thap,Xoan,Day,Ram,Dai,Phi
Den,Nho,Den,Nau Sam,Thap,Xoan,Mong,Thua,Do,Phi
Den,Nho,Den,Nau Sam,Thap,Luon song,Mong,Thua,Bet,Phi
Den,Nho,Den,Nau Vua,Thap,Xoan,Day,Ram,Bet,A
Den,To,Den,Nau Vua,Thap,Xoan,Mong,Thua,Do,A
Den,To,Den,Nau Vua,Thap,Xoan,Day,Thua,Do,A
Den,To,Den,Nau Vua,Cao,Thang,Day,Ram,Ngan,Uc
Lam,Nho,Den,Nau Sam,Thap,Xoan,Day,Ram,Bet,Au
Den,To,Den,Nau Vua,Thap,Luon song,Mong,Ram,Dai,Uc
Den,To,Den,Nau Sam,Thap,Xoan,Day,Ram,Ngan,Phi
Den,To,Vang,Nau Vua,Thap,Xoan,Day,Thua,Do,Au
Den,To,Den,Nau Vua,Thap,Thang,Mong,Ram,Dai,A
Den,Nho,Den,Nau Vua,Thap,Xoan,Mong,Ram,Bet,A
Den,To,Do,Nau Vua,Cao,Luon song,Mong,Ram,Bet,Au
Den,Nho,Den,Nau Vua,Thap,Thang,Day,Ram,Bet,A
Den,To,Den,Nau Vua,Thap,Luon song,Day,Thua,Dai,Uc
Den,To,Den,Trang Vang,Thap,Thang,Day,Ram,Do,A
Den,To,Den,Nau Sam,Thap,Thang,Day,Ram,Bet,Phi
Den,Nho,Den,Nau Vua,Thap,Xoan,Day,Thua,Dai,A
Den,To,Den,Nau Vua,Thap,Thang,Mong,Ram,Bet,A
Den,To,Den,Nau Sam,Cao,Luon song,Day,Ram,Do,Uc
Den,Nho,Den,Nau Sam,Thap,Xoan,Day,Thua,Dai,Phi
Den,To,Den,Nau Vua,Thap,Luon song,Mong,Thua,Do,Uc
Den,Nho,Den,Nau Vua,Thap,Xoan,Mong,Thua,Do,A
Den,Nho,Den,Nau Vua,Cao,Thang,Day,Thua,Bet,A
Den,To,Vang,Nau Vua,Cao,Xoan,Day,Ram,Ngan,Au
Den,To,Den,Nau Sam,Thap,Xoan,Day,Thua,Dai,Phi
Lam,Nho,Den,Nau Sam,Thap,Thang,Mong,Ram,Dai,Au
Lam,Nho,Den,Nau Sam,Thap,Luon song,Mong,Thua,Do,Au
Den,Nho,Den,Nau Vua,Thap,Xoan,Mong,Ram,Bet,A
Den,To,Den,Nau Sam,Thap,Xoan,Mong,Ram,Ngan,Phi
Den,To,Den,Nau Vua,Thap,Luon song,Day,Ram,Bet,Uc
Den,To,Den,Nau Sam,Thap,Xoan,Mong,Ram,Do,Phi
Lam,To,Den,Nau Vua,Cao,Xoan,Mong,Thua,Bet,Au
Den,Nho,Den,Trang Vang,Thap,Xoan,Day,Thua,Ngan,A
Den,To,Den,Nau Sam,Cao,Luon song,Day,Thua,Bet,Phi
Den,To,Den,Nau Vua,Cao,Thang,Day,Ram,Bet,Uc
Den,Nho,Den,Nau Vua,Thap,Thang,Mong,Ram,Ngan,A
Den,To,Den,Trang Vang,Thap,Xoan,Mong,Ram,Dai,A
Den,To,Den,Nau Sam,Thap,Luon song,Day,Ram,Bet,Uc
Den,Nho,Den,Nau Vua,Thap,Thang,Mong,Ram,Bet,A
Den,To,Vang,Nau Vua,Thap,Xoan,Day,Ram,Bet,Au
Den,Nho,Den,Nau Sam,Thap,Luon song,Day,Ram,Dai,Uc
Den,Nho,Den,Nau Vua,Thap,Xoan,Day,Ram,Dai,A
Den,Nho,Den,Nau Vua,Thap,Xoan,Day,Thua,Do,A
Den,To,Den,Nau Vua,Cao,Thang,Mong,Ram,Dai,Uc
Lam,Nho,Den,Nau Vua,Thap,Xoan,Mong,Ram,Do,Au
Lam,Nho,Den,Nau Sam,Thap,Xoan,Mong,Ram,Ngan,Au
Den,Nho,Den,Nau Vua,Thap,Luon song,Mong,Thua,Bet,Uc
Den,To,Den,Nau Sam,Thap,Thang,Mong,Thua,Dai,Phi
Den,To,Den,Nau Sam,Cao,Thang,Day,Ram,Bet,Phi
Lam,To,Do,Nau Vua,Thap,Thang,Mong,Thua,Do,Au
Den,To,Den,Nau Sam,Thap,Xoan,Mong,Ram,Bet,Phi
Den,Nho,Den,Nau Vua,Thap,Xoan,Day,Ram,Ngan,A
Den,Nho,Den,Nau Vua,Thap,Thang,Mong,Thua,Ngan,A
Den,To,Vang,Nau Vua,Thap,Xoan,Mong,Thua,Do,Au
Den,To,Den,Nau Sam,Thap,Thang,Day,Ram,Dai,Phi
Den,To,Den,Nau Vua,Thap,Xoan,Day,Ram,Ngan,A
Den,To,Den,Nau Sam,Thap,Luon song,Mong,Ram,Ngan,Uc
Den,To,Den,Nau Vua,Thap,Xoan,Mong,Ram,Dai,A
Den,Nho,Den,Trang Sang,Thap,Thang,Mong,Ram,Do,Au
Den,Nho,Den,Nau Sam,Thap,Xoan,Mong,Thua,Dai,Phi
Den,Nho,Den,Trang Vang,Thap,Thang,Mong,Ram,Bet,A
Den,Nho,Den,Nau Sam,Cao,Luon song,Day,Ram,Dai,Uc
Lam,Nho,Den,Nau Sam,Thap,Luon song,Mong,Thua,Bet,Au
Den,Nho,Den,Trang Vang,Thap,Xoan,Day,Thua,Do,A
Den,To,Den,Nau Sam,Thap,Xoan,Mong,Thua,Do,Phi
Den,To,Den,Nau Vua,Thap,Thang,Mong,Thua,Bet,A
Den,To,Den,Nau Vua,Thap,Luon song,Day,Ram,Dai,Uc
Den,Nho,Den,Nau Sam,Thap,Xoan,Mong,Ram,Dai,Phi
Den,Nho,Den,Nau Vua,Thap,Luon song,Day,Ram,Bet,Uc
Den,Nho,Vang,Nau Vua,Thap,Xoan,Mong,Ram,Do,Au
Den,Nho,Den,Nau Sam,Thap,Thang,Mong,Ram,Do,Phi
Den,Nho,Vang,Nau Sam,Cao,Xoan,Day,Ram,Bet,Au
Den,Nho,Den,Trang Vang,Thap,Xoan,Day,Ram,Bet,A
Den,To,Den,Nau Sam,Thap,Thang,Mong,Thua,Dai,Phi
Lam,Nho,Den,Nau Sam,Thap,Xoan,Day,Thua,Do,Au
Lam,Nho,Den,Nau Vua,Thap,Thang,Mong,Ram,Bet,Au
Den,To,Den,Nau Sam,Cao,Xoan,Day,Thua,Bet,Phi
Den,To,Den,Nau Vua,Thap,Thang,Day,Ram,Bet,A
Den,Nho,Den,Nau Vua,Cao,Xoan,Day,Thua,Bet,A
Den,To,Den,Nau Vua,Thap,Xoan,Day,Ram,Dai,A
Den,Nho,Den,Nau Vua,Cao,Thang,Day,Thua,Ngan,A
Den,To,Den,Nau Vua,Thap,Luon song,Mong,Thua,Bet,Uc
Den,To,Vang,Nau Vua,Thap,Luon song,Mong,Ram,Do,Au
Lam,To,Den,Nau Vua,Thap,Thang,Day,Ram,Do,Au
Den,Nho,Den,Nau Vua,Thap,Luon song,Day,Ram,Dai,Uc
Den,To,Den,Nau Sam,Thap,Xoan,Mong,Ram,Dai,Phi
Den,Nho,Den,Nau Sam,Thap,Thang,Day,Thua,Do,Phi
Den,Nho,Den,Trang Vang,Thap,Thang,Day,Ram,Do,A
Den,To,Den,Nau Vua,Thap,Xoan,Mong,Ram,Dai,A
Den,Nho,Den,Nau Vua,Thap,Luon song,Day,Ram,Bet,Uc
Den,Nho,Den,Nau Vua,Cao,Luon song,Day,Ram,Ngan,Uc
Den,To,Den,Nau Sam,Thap,Xoan,Day,Ram,Bet,Phi
Den,To,Den,Nau Sam,Thap,Xoan,Mong,Thua,Dai,Phi
Den,To,Den,Nau Vua,Thap,Xoan,Mong,Ram,Bet,A
Den,Nho,Den,Nau Vua,Thap,Xoan,Mong,Thua,Ngan,A
Den,To,Den,Nau Vua,Cao,Xoan,Day,Ram,Bet,Uc
Den,Nho,Den,Nau Vua,Thap,Xoan,Day,Thua,Bet,A
Den,To,Den,Nau Vua,Thap,Xoan,Day,Ram,Bet,A
Den,Nho,Den,Nau Vua,Thap,Luon song,Day,Ram,Bet,Uc
Den,Nho,Den,Nau Sam,Cao,Xoan,Day,Ram,Bet,Phi
Den,To,Den,Nau Vua,Thap,Thang,Day,Ram,Bet,A
Den,Nho,Den,Trang Vang,Thap,Luon song,Day,Ram,Dai,A
Den,Nho,Den,Nau Vua,Thap,Xoan,Day,Ram,Ngan,A
Den,Nho,Den,Nau Vua,Thap,Thang,Day,Thua,Dai,A
Den,To,Den,Nau Sam,Cao,Thang,Day,Ram,Do,Phi
Den,To,Den,Nau Sam,Thap,Luon song,Mong,Ram,Do,Uc
Den,To,Den,Nau Vua,Thap,Xoan,Day,Ram,Dai,A
Den,Nho,Den,Nau Vua,Thap,Luon song,Day,Ram,Do,Uc
Den,To,Den,Nau Vua,Cao,Xoan,Mong,Thua,Dai,A
Den,To,Den,Nau Sam,Thap,Xoan,Mong,Ram,Do,Phi
Den,To,Den,Nau Vua,Cao,Xoan,Mong,Ram,Bet,Uc
Den,Nho,Den,Nau Vua,Cao,Xoan,Day,Ram,Do,Uc
Den,To,Den,Nau Vua,Thap,Thang,Day,Ram,Do,A
Den,Nho,Den,Nau Vua,Thap,Xoan,Day,Ram,Ngan,A
Vang,To,Den,Nau Sam,Thap,Thang,Day,Ram,Bet,Au
Den,To,Den,Nau Vua,Thap,Luon song,Day,Ram,Bet,Uc
Den,To,Den,Nau Vua,Cao,Xoan,Day,Thua,Do,A
Den,To,Den,Nau Vua,Thap,Thang,Day,Ram,Bet,A
Den,To,Den,Nau Sam,Thap,Xoan,Mong,Thua,Do,Phi
Den,Nho,Den,Nau Sam,Cao,Xoan,Day,Thua,Ngan,Phi
Den,Nho,Den,Nau Vua,Thap,Thang,Day,Thua,Dai,A
Den,Nho,Den,Nau Sam,Cao,Xoan,Day,Thua,Do,Phi
Den,To,Den,Nau Vua,Thap,Xoan,Mong,Ram,Bet,A
Den,Nho,Den,Nau Sam,Thap,Thang,Day,Ram,Bet,Phi
Den,Nho,Den,Nau Sam,Thap,Thang,Mong,Thua,Dai,Phi
Den,To,Den,Nau Vua,Thap,Thang,Day,Ram,Ngan,A
Den,Nho,Den,Nau Sam,Cao,Thang,Mong,Ram,Bet,Phi
Den,Nho,Den,Nau Sam,Thap,Luon song,Day,Ram,Bet,Uc
Den,Nho,Den,Nau Vua,Thap,Xoan,Mong,Ram,Dai,A
Den,Nho,Den,Nau Vua,Cao,Thang,Day,Ram,Dai,Uc
Den,Nho,Do,Nau Vua,Thap,Luon song,Mong,Ram,Do,Au
Den,Nho,Den,Nau Sam,Thap,Luon song,Day,Thua,Do,Phi
Den,Nho,Den,Nau Vua,Cao,Xoan,Mong,Thua,Bet,A
Den,To,Den,Nau Vua,Thap,Xoan,Mong,Thua,Ngan,A
Den,Nho,Den,Nau Sam,Thap,Xoan,Day,Ram,Bet,Phi
Den,To,Den,Nau Sam,Cao,Xoan,Mong,Thua,Bet,Phi
Den,Nho,Den,Nau Vua,Thap,Luon song,Day,Ram,Bet,Uc
Den,To,Den,Nau Vua,Thap,Xoan,Day,Ram,Do,A
Den,Nho,Den,Nau Vua,Thap,Xoan,Mong,Thua,Do,A
Den,To,Den,Nau Vua,Thap,Luon song,Day,Thua,Dai,Uc
Den,Nho,Den,Nau Sam,Cao,Thang,Day,Ram,Ngan,Phi
Den,Nho,Den,Nau Vua,Cao,Luon song,Mong,Ram,Bet,Uc
Den,Nho,Den,Nau Sam,Thap,Xoan,Day,Ram,Do,Phi
Den,Nho,Den,Nau Vua,Thap,Xoan,Day,Ram,Bet,A
Den,Nho,Den,Nau Vua,Thap,Thang,Day,Ram,Ngan,A
Den,To,Den,Nau Vua,Thap,Luon song,Mong,Thua,Bet,Uc
Den,Nho,Den,Nau Vua,Thap,Xoan,Day,Ram,Do,A
Den,Nho,Den,Nau Sam,Thap,Thang,Mong,Thua,Do,Phi
Den,To,Den,Nau Vua,Thap,Thang,Day,Thua,Ngan,A
Den,To,Den,Nau Vua,Thap,Luon song,Mong,Ram,Bet,Uc
Den,Nho,Den,Nau Vua,Thap,Xoan,Day,Thua,Bet,A
Den,Nho,Den,Nau Sam,Thap,Thang,Mong,Ram,Ngan,Phi
Den,Nho,Den,Nau Sam,Thap,Xoan,Mong,Ram,Dai,Phi
Den,Nho,Den,Nau Vua,Thap,Xoan,Mong,Ram,Ngan,A
Den,To,Den,Nau Sam,Thap,Xoan,Day,Ram,Bet,Phi
Den,To,Den,Nau Vua,Thap,Luon song,Mong,Thua,Bet,Uc
Den,Nho,Den,Nau Vua,Thap,Thang,Mong,Thua,Ngan,A
Den,To,Den,Nau Sam,Thap,Thang,Day,Ram,Do,Phi
Den,To,Den,Trang Vang,Thap,Thang,Day,Ram,Ngan,A
Den,Nho,Den,Nau Vua,Cao,Xoan,Mong,Ram,Bet,Uc
Den,Nho,Vang,Nau Sam,Thap,Xoan,Day,Ram,Do,Au
Den,Nho,Den,Nau Vua,Thap,Luon song,Day,Ram,Ngan,Uc
Den,Nho,Den,Nau Vua,Cao,Thang,Day,Ram,Bet,Uc
Den,Nho,Den,Nau Vua,Thap,Thang,Day,Ram,Do,A
Den,To,Den,Nau Vua,Cao,Thang,Day,Thua,Bet,A
Den,Nho,Den,Nau Vua,Thap,Thang,Mong,Ram,Bet,A
Vang,Nho,Den,Trang Sang,Thap,Xoan,Mong,Thua,Bet,Au
Den,Nho,Den,Nau Vua,Thap,Thang,Mong,Ram,Bet,A
Lam,Nho,Den,Nau Vua,Cao,Luon song,Day,Ram,Do,Au
Den,Nho,Den,Nau Sam,Cao,Xoan,Day,Thua,Dai,Phi
Den,Nho,Den,Nau Vua,Thap,Xoan,Mong,Ram,Do,A
Den,Nho,Den,Nau Vua,Cao,Luon song,Day,Thua,Bet,Uc
Den,To,Den,Trang Vang,Thap,Xoan,Day,Thua,Ngan,A
Den,Nho,Den,Trang Vang,Thap,Luon song,Mong,Thua,Dai,A
Lam,To,Den,Nau Vua,Thap,Luon song,Day,Thua,Do,Au
Den,To,Den,Nau Vua,Thap,Thang,Day,Ram,Dai,A
Den,Nho,Den,Nau Vua,Cao,Xoan,Day,Thua,Do,A
Den,To,Vang,Nau Vua,Thap,Luon song,Mong,Ram,Do,Au
Den,Nho,Den,Nau Vua,Thap,Luon song,Day,Ram,Ngan,Uc
Den,To,Den,Nau Sam,Thap,Thang,Day,Ram,Ngan,Phi
Den,To,Vang,Nau Vua,Thap,Xoan,Mong,Ram,Dai,Au
Den,To,Den,Nau Vua,Thap,Luon song,Day,Ram,Do,Uc
Den,To,Den,Trang Vang,Cao,Thang,Day,Ram,Dai,Au
Den,To,Den,Nau Vua,Thap,Thang,Mong,Ram,Dai,A
Den,Nho,Vang,Nau Vua,Cao,Luon song,Day,Ram,Dai,Au
Den,To,Den,Nau Sam,Thap,Thang,Mong,Ram,Dai,Phi
Vang,To,Vang,Nau Vua,Thap,Xoan,Day,Ram,Bet,Au
Den,Nho,Den,Nau Vua,Cao,Luon song,Mong,Ram,Ngan,Uc
Den,Nho,Den,Nau Vua,Cao,Xoan,Day,Ram,Ngan,Uc
Den,Nho,Den,Nau Vua,Thap,Thang,Day,Ram,Bet,A
Den,Nho,Den,Trang Vang,Cao,Xoan,Day,Ram,Bet,Au
Den,Nho,Den,Nau Vua,Thap,Thang,Day,Ram,Ngan,A
Den,To,Den,Nau Vua,Thap,Thang,Mong,Ram,Do,A
Den,Nho,Den,Nau Vua,Thap,Luon song,Mong,Ram,Bet,Uc
Den,Nho,Den,Nau Vua,Thap,Luon song,Day,Ram,Dai,Uc
Den,To,Den,Nau Sam,Thap,Luon song,Day,Ram,Ngan,Uc
Den,Nho,Den,Nau Vua,Cao,Thang,Day,Ram,Do,Uc
Den,Nho,Den,Nau Vua,Cao,Xoan,Day,Ram,Dai,Uc
Den,To,Den,Nau Sam,Thap,Luon song,Mong,Ram,Dai,Uc
Den,Nho,Den,Nau Sam,Thap,Xoan,Mong,Ram,Dai,Phi
Den,To,Den,Nau Vua,Thap,Thang,Day,Ram,Ngan,A
Den,Nho,Den,Nau Vua,Thap,Luon song,Mong,Ram,Dai,Uc
Den,Nho,Den,Nau Vua,Thap,Xoan,Mong,Ram,Bet,A
Den,Nho,Den,Nau Vua,Thap,Xoan,Mong,Ram,Ngan,A
Den,To,Den,Nau Sam,Thap,Thang,Mong,Ram,Bet,Phi
Den,To,Den,Nau Sam,Thap,Xoan,Mong,Ram,Ngan,Phi
Den,Nho,Den,Nau Sam,Thap,Xoan,Mong,Ram,Bet,Phi
Den,To,Den,Nau Vua,Thap,Thang,Day,Ram,Do,A
Den,To,Den,Nau Sam,Thap,Luon song,Day,Ram,Ngan,Uc
Den,To,Den,Nau Vua,Thap,Thang,Mong,Thua,Dai,A
Den,To,Den,Nau Sam,Thap,Xoan,Mong,Thua,Ngan,Phi
Den,To,Den,Nau Sam,Thap,Luon song,Mong,Thua,Do,Phi
Den,Nho,Den,Nau Sam,Thap,Luon song,Day,Ram,Dai,Uc
Vang,Nho,Den,Nau Vua,Thap,Thang,Day,Thua,Bet,Au
Den,Nho,Den,Nau Vua,Thap,Xoan,Day,Ram,Dai,A
Den,Nho,Vang,Nau Vua,Thap,Xoan,Mong,Ram,Do,Au
Den,To,Den,Nau Vua,Thap,Thang,Mong,Thua,Bet,A
Den,To,Den,Nau Vua,Thap,Thang,Day,Thua,Bet,A
Den,To,Den,Nau Vua,Thap,Thang,Day,Ram,Bet,A
Den,To,Den,Nau Vua,Cao,Thang,Mong,Ram,Dai,Uc
Den,To,Den,Nau Sam,Thap,Xoan,Day,Thua,Ngan,Phi
Den,Nho,Den,Nau Vua,Thap,Xoan,Day,Thua,Bet,A
Den,Nho,Den,Nau Vua,Thap,Xoan,Mong,Ram,Bet,A
Den,Nho,Den,Nau Vua,Cao,Thang,Mong,Ram,Do,Uc
Den,Nho,Den,Nau Sam,Cao,Xoan,Mong,Ram,Bet,Phi
Den,To,Den,Nau Vua,Thap,Xoan,Day,Thua,Bet,A
Lam,To,Den,Nau Sam,Thap,Xoan,Day,Ram,Bet,Au
Den,Nho,Den,Nau Vua,Thap,Xoan,Mong,Ram,Bet,A
Den,Nho,Den,Nau Vua,Thap,Thang,Mong,Ram,Dai,A
Den,Nho,Do,Nau Vua,Thap,Thang,Day,Ram,Dai,Au
Den,Nho,Den,Nau Vua,Thap,Xoan,Mong,Ram,Dai,A
Den,Nho,Den,Trang Vang,Cao,Thang,Day,Thua,Do,A
Den,To,Den,Nau Vua,Thap,Thang,Day,Thua,Bet,A
Den,Nho,Vang,Nau Vua,Thap,Xoan,Day,Ram,Ngan,Au
Den,Nho,Den,Nau Vua,Cao,Xoan,Day,Thua,Do,A
Den,Nho,Den,Nau Vua,Thap,Xoan,Day,Ram,Do,A
Den,Nho,Den,Nau Sam,Thap,Thang,Mong,Ram,Bet,Phi
Den,Nho,Den,Nau Sam,Cao,Luon song,Day,Ram,Bet,Uc
Lam,Nho,Den,Trang Vang,Thap,Luon song,Mong,Ram,Bet,Au
Den,To,Den,Nau Sam,Thap,Thang,Day,Thua,Bet,Phi
Den,To,Den,Nau Vua,Thap,Thang,Mong,Ram,Bet,A
Den,Nho,Den,Nau Vua,Thap,Xoan,Day,Ram,Bet,A
Den,Nho,Den,Nau Vua,Thap,Thang,Day,Thua,Bet,A
Den,To,Den,Nau Vua,Cao,Luon song,Day,Thua,Ngan,Uc
Den,Nho,Den,Nau Vua,Cao,Xoan,Mong,Ram,Dai,Uc
Den,To,Den,Nau Sam,Cao,Xoan,Mong,Ram,Bet,Phi
Den,Nho,Den,Nau Vua,Thap,Thang,Mong,Thua,Ngan,A
Den,Nho,Den,Nau Vua,Thap,Thang,Mong,Ram,Bet,A
Den,To,Den,Nau Sam,Thap,Thang,Day,Thua,Do,Phi
Lam,To,Den,Trang Vang,Thap,Luon song,Day,Ram,Ngan,Au
Den,To,Den,Nau Vua,Thap,Xoan,Day,Ram,Bet,A
Den,To,Den,Nau Vua,Thap,Xoan,Day,Ram,Ngan,A
Den,To,Den,Nau Sam,Thap,Luon song,Day,Ram,Ngan,Uc
Den,Nho,Den,Nau Vua,Thap,Xoan,Day,Ram,Bet,A
Den,To,Den,Nau Vua,Thap,Xoan,Day,Ram,Bet,A
Den,Nho,Den,Nau Sam,Thap,Luon song,Mong,Ram,Dai,Uc
Lam,To,Den,Nau Vua,Thap,Thang,Day,Ram,Dai,Au
Den,To,Vang,Nau Vua,Thap,Thang,Day,Thua,Ngan,Au
Den,Nho,Den,Nau Sam,Cao,Thang,Day,Thua,Do,Phi
Den,Nho,Den,Nau Sam,Thap,Xoan,Mong,Ram,Ngan,Phi
Den,Nho,Den,Trang Vang,Thap,Thang,Day,Ram,Dai,A
Den,Nho,Vang,Nau Vua,Thap,Luon song,Day,Ram,Ngan,Au
Den,To,Den,Nau Vua,Cao,Luon song,Day,Thua,Dai,Uc
Den,Nho,Den,Nau Sam,Thap,Xoan,Day,Ram,Bet,Phi
Den,Nho,Den,Nau Sam,Thap,Xoan,Mong,Ram,Bet,Phi
Den,Nho,Den,Nau Vua,Thap,Xoan,Day,Ram,Ngan,A
Den,To,Den,Nau Sam,Cao,Xoan,Day,Thua,Dai,Phi
Den,Nho,Den,Nau Sam,Cao,Xoan,Mong,Thua,Do,Phi
Den,Nho,Den,Nau Sam,Thap,Xoan,Day,Ram,Bet,Phi
Den,To,Den,Nau Sam,Thap,Luon song,Day,Thua,Do,Phi
Den,Nho,Den,Nau Vua,Thap,Luon song,Day,Ram,Do,Uc
Den,Nho,Den,Nau Vua,Thap,Luon song,Day,Ram,Dai,Uc
Den,Nho,Den,Nau Vua,Thap,Thang,Day,Ram,Bet,A
Den,Nho,Den,Nau Sam,Thap,Luon song,Mong,Ram,Bet,Uc
Vang,Nho,Den,Nau Vua,Thap,Luon song,Mong,Ram,Dai,Au
Den,Nho,Den,Nau Sam,Thap,Thang,Mong,Thua,Bet,Phi
Den,Nho,Den,Nau Vua,Thap,Xoan,Day,Thua,Dai,A
Den,To,Den,Nau Vua,Cao,Luon song,Day,Ram,Dai,Uc
Den,To,Do,Nau Sam,Thap,Xoan,Day,Ram,Do,Au
Den,To,Den,Nau Vua,Thap,Luon song,Day,Thua,Dai,Uc
Lam,To,Den,Trang Vang,Thap,Luon song,Day,Ram,Bet,Au
Den,To,Den,Nau Vua,Cao,Xoan,Mong,Thua,Dai,A
Lam,To,Den,Nau Sam,Thap,Luon song,Mong,Ram,Dai,Au
Den,Nho,Den,Nau Vua,Thap,Luon song,Mong,Thua,Bet,Uc
Den,Nho,Den,Nau Vua,Thap,Xoan,Mong,Ram,Bet,A
Den,To,Den,Nau Sam,Thap,Thang,Day,Ram,Dai,Phi
Den,To,Vang,Nau Vua,Thap,Luon song,Day,Ram,Ngan,Au
Den,Nho,Den,Nau Sam,Thap,Thang,Day,Thua,Ngan,Phi
Den,Nho,Vang,Nau Vua,Thap,Luon song,Mong,Ram,Bet,Au
Den,Nho,Den,Nau Sam,Thap,Xoan,Day,Ram,Do,Phi
Den,Nho,Den,Nau Vua,Thap,Luon song,Day,Ram,Ngan,Uc
Den,Nho,Den,Nau Sam,Cao,Xoan,Mong,Thua,Bet,Phi
Den,To,Den,Nau Vua,Thap,Luon song,Day,Ram,Dai,Uc
Den,To,Den,Nau Sam,Thap,Thang,Mong,Thua,Dai,Phi
Den,To,Den,Nau Sam,Cao,Xoan,Mong,Thua,Bet,Phi
Den,Nho,Den,Nau Vua,Thap,Luon song,Day,Thua,Dai,Uc
Den,Nho,Den,Nau Vua,Cao,Xoan,Day,Thua,Bet,A
Den,Nho,Den,Nau Vua,Thap,Thang,Mong,Ram,Dai,A
Vang,Nho,Den,Nau Vua,Thap,Xoan,Day,Ram,Bet,Au
Den,To,Den,Nau Sam,Cao,Thang,Day,Thua,Bet,Phi
Lam,Nho,Den,Nau Sam,Thap,Xoan,Mong,Ram,Bet,Au
Den,To,Den,Nau Sam,Thap,Thang,Mong,Ram,Do,Phi
Den,To,Den,Nau Vua,Thap,Thang,Mong,Ram,Bet,A
Den,To,Den,Nau Vua,Thap,Xoan,Day,Ram,Bet,A
Den,Nho,Den,Nau Vua,Thap,Thang,Mong,Ram,Dai,A
Den,Nho,Den,Nau Sam,Thap,Xoan,Mong,Thua,Dai,Phi
Lam,Nho,Den,Nau Sam,Thap,Thang,Mong,Ram,Bet,Au
Den,Nho,Den,Nau Sam,Thap,Thang,Mong,Ram,Dai,Phi
Den,Nho,Den,Nau Vua,Thap,Luon song,Day,Ram,Do,Uc
Den,Nho,Vang,Nau Sam,Thap,Luon song,Mong,Thua,Ngan,Au
Den,To,Den,Nau Vua,Cao,Xoan,Day,Thua,Do,A
Den,Nho,Den,Nau Sam,Thap,Xoan,Mong,Ram,Do,Phi
Den,Nho,Vang,Nau Vua,Cao,Luon song,Mong,Ram,Do,Au
Den,Nho,Den,Nau Vua,Cao,Luon song,Mong,Ram,Dai,Uc
Den,To,Den,Nau Vua,Thap,Luon song,Mong,Ram,Dai,Uc
Den,To,Den,Nau Sam,Cao,Luon song,Mong,Ram,Dai,Uc
Den,Nho,Den,Nau Vua,Thap,Thang,Mong,Thua,Bet,A
Den,Nho,Do,Nau Sam,Cao,Luon song,Day,Ram,Bet,Au
Den,Nho,Den,Nau Vua,Thap,Xoan,Mong,Ram,Bet,A
Den,To,Den,Nau Vua,Thap,Luon song,Mong,Ram,Dai,Uc
Den,Nho,Den,Nau Vua,Thap,Thang,Mong,Ram,Dai,A
Den,Nho,Den,Nau Vua,Cao,Xoan,Day,Thua,Dai,A
Den,To,Den,Nau Sam,Thap,Thang,Mong,Ram,Dai,Phi
Den,Nho,Den,Nau Sam,Thap,Xoan,Mong,Ram,Dai,Phi
Den,Nho,Den,Nau Vua,Thap,Luon song,Mong,Thua,Dai,Uc
Den,Nho,Den,Nau Sam,Thap,Xoan,Day,Ram,Dai,Phi
Den,To,Den,Nau Vua,Thap,Luon song,Mong,Thua,Bet,Uc
Den,Nho,Den,Nau Vua,Cao,Xoan,Day,Thua,Bet,A
Den,Nho,Den,Nau Vua,Thap,Thang,Mong,Ram,Bet,A
Den,To,Vang,Trang Vang,Thap,Xoan,Mong,Thua,Bet,Au
Den,Nho,Den,Trang Vang,Thap,Thang,Day,Thua,Dai,A
Vang,To,Den,Nau Vua,Thap,Luon song,Mong,Ram,Bet,Au
Den,Nho,Den,Nau Sam,Thap,Luon song,Mong,Thua,Bet,Phi
Den,To,Den,Nau Sam,Thap,Thang,Mong,Ram,Dai,Phi
Den,To,Den,Nau Sam,Thap,Thang,Mong,Thua,Do,Phi
Den,Nho,Den,Trang Vang,Thap,Thang,Mong,Ram,Bet,A
Den,To,Vang,Nau Vua,Thap,Luon song,Mong,Ram,Bet,Au
Den,To,Den,Nau Sam,Cao,Xoan,Day,Ram,Ngan,Phi
Den,To,Vang,Nau Sam,Cao,Xoan,Mong,Ram,Do,Au
Den,Nho,Den,Nau Sam,Thap,Thang,Day,Thua,Ngan,Phi
Vang,Nho,Den,Nau Vua,Thap,Xoan,Mong,Thua,Ngan,Au
Den,Nho,Den,Nau Vua,Thap,Xoan,Day,Ram,Bet,A
Den,Nho,Den,Nau Sam,Thap,Luon song,Day,Ram,Ngan,Uc
Den,Nho,Den,Nau Sam,Thap,Luon song,Mong,Thua,Ngan,Phi
Den,Nho,Den,Nau Vua,Cao,Thang,Day,Ram,Do,Uc
Lam,Nho,Den,Nau Vua,Cao,Xoan,Day,Thua,Do,Au
Den,Nho,Den,Nau Vua,Thap,Thang,Day,Ram,Ngan,A
Den,Nho,Den,Nau Vua,Thap,Luon song,Day,Thua,Ngan,Uc
Lam,To,Den,Nau Sam,Thap,Thang,Mong,Ram,Bet,Au
Den,To,Do,Nau Vua,Thap,Xoan,Day,Thua,Bet,Au
Lam,Nho,Den,Nau Vua,Thap,Thang,Day,Ram,Ngan,Au
Den,Nho,Den,Nau Sam,Thap,Luon song,Day,Ram,Ngan,Uc
Den,To,Den,Nau Sam,Thap,Xoan,Mong,Ram,Bet,Phi
Den,To,Den,Nau Vua,Thap,Thang,Day,Ram,Bet,A
Den,Nho,Den,Nau Sam,Thap,Luon song,Mong,Thua,Bet,Phi
Den,To,Den,Nau Sam,Thap,Thang,Mong,Ram,Dai,Phi
Den,Nho,Den,Trang Vang,Thap,Thang,Mong,Ram,Bet,A
Den,Nho,Den,Nau Sam,Thap,Xoan,Day,Ram,Dai,Phi
Den,Nho,Den,Nau Sam,Thap,Xoan,Mong,Ram,Ngan,Phi
Den,Nho,Den,Nau Vua,Cao,Luon song,Mong,Ram,Bet,Uc
Den,Nho,Den,Nau Vua,Thap,Thang,Day,Ram,Bet,A
Den,Nho,Den,Nau Vua,Cao,Luon song,Day,Thua,Bet,Uc
Den,Nho,Den,Nau Vua,Thap,Luon song,Mong,Thua,Ngan,Uc
Den,Nho,Den,Nau Vua,Thap,Thang,Day,Ram,Bet,A
Den,To,Den,Nau Vua,Thap,Thang,Day,Ram,Bet,A
Den,To,Den,Nau Sam,Cao,Luon song,Day,Ram,Dai,Uc
Den,To,Den,Nau Vua,Cao,Luon song,Mong,Thua,Do,Uc
Den,Nho,Den,Nau Vua,Thap,Thang,Mong,Ram,Dai,A
Den,Nho,Den,Nau Vua,Thap,Thang,Day,Ram,Bet,A
Den,To,Den,Nau Vua,Thap,Luon song,Mong,Ram,Do,Uc
Den,Nho,Den,Nau Vua,Thap,Xoan,Mong,Ram,Do,A
Den,Nho,Den,Nau Vua,Thap,Thang,Day,Ram,Do,A
Den,Nho,Den,Nau Vua,Thap,Luon song,Mong,Thua,Bet,Uc
Lam,To,Den,Nau Vua,Thap,Xoan,Day,Ram,Do,Au
Den,Nho,Den,Nau Vua,Thap,Luon song,Mong,Ram,Bet,Uc
Den,Nho,Den,Nau Vua,Cao,Thang,Day,Ram,Dai,Uc
Den,To,Den,Nau Vua,Thap,Xoan,Mong,Ram,Bet,A
Den,To,Den,Nau Vua,Thap,Thang,Mong,Ram,Do,A
Den,To,Den,Nau Vua,Thap,Luon song,Mong,Thua,Dai,Uc
Lam,Nho,Den,Trang Vang,Cao,Xoan,Day,Ram,Bet,Au
Den,Nho,Den,Nau Vua,Thap,Luon song,Mong,Ram,Bet,Uc
Den,Nho,Den,Nau Vua,Thap,Thang,Mong,Ram,Bet,A
Den,Nho,Den,Nau Vua,Thap,Xoan,Day,Thua,Bet,A
Den,Nho,Den,Nau Vua,Thap,Xoan,Day,Ram,Dai,A
Den,Nho,Den,Nau Vua,Thap,Luon song,Mong,Ram,Ngan,Uc
Den,To,Den,Nau Sam,Thap,Luon song,Day,Thua,Do,Phi
Den,Nho,Den,Nau Vua,Cao,Xoan,Mong,Ram,Ngan,Uc
Lam,To,Den,Nau Sam,Cao,Thang,Day,Ram,Do,Au
Den,To,Den,Nau Vua,Thap,Luon song,Day,Ram,Do,Uc
Den,To,Den,Nau Vua,Cao,Xoan,Day,Ram,Ngan,Uc
Den,Nho,Den,Nau Vua,Thap,Thang,Day,Ram,Do,A
Den,To,Den,Nau Sam,Thap,Thang,Mong,Ram,Do,Phi
Den,Nho,Den,Nau Vua,Cao,Luon song,Day,Ram,Do,Uc
Den,To,Den,Nau Vua,Thap,Luon song,Mong,Thua,Bet,Uc
Lam,Nho,Den,Nau Vua,Thap,Xoan,Mong,Ram,Dai,Au
Den,To,Den,Nau Vua,Thap,Thang,Mong,Ram,Do,A
Den,To,Den,Nau Vua,Thap,Luon song,Day,Thua,Ngan,Uc
Den,Nho,Den,Nau Sam,Thap,Thang,Mong,Thua,Bet,Phi
Den,Nho,Den,Nau Vua,Thap,Luon song,Mong,Ram,Dai,Uc
Vang,To,Den,Nau Vua,Cao,Xoan,Mong,Thua,Do,Au
Den,To,Den,Nau Sam,Thap,Xoan,Mong,Ram,Bet,Phi
Den,Nho,Den,Nau Sam,Thap,Thang,Mong,Ram,Dai,Phi
Vang,Nho,Den,Nau Sam,Thap,Xoan,Mong,Ram,Do,Au
Den,Nho,Vang,Nau Vua,Thap,Thang,Day,Ram,Ngan,Au
Den,To,Den,Nau Vua,Thap,Xoan,Day,Ram,Dai,A
Den,To,Vang,Nau Vua,Thap,Xoan,Day,Thua,Do,Au
Lam,To,Den,Nau Vua,Thap,Luon song,Day,Ram,Do,Au
Den,Nho,Den,Nau Sam,Cao,Xoan,Day,Ram,Dai,Phi
Vang,Nho,Den,Nau Vua,Thap,Luon song,Day,Ram,Do,Au
Den,To,Vang,Nau Vua,Thap,Xoan,Day,Thua,Bet,Au
Den,Nho,Den,Nau Vua,Thap,Thang,Day,Ram,Dai,A
Vang,Nho,Den,Nau Vua,Cao,Thang,Mong,Ram,Do,Au
Den,Nho,Den,Nau Sam,Cao,Thang,Day,Ram,Bet,Phi
Den,Nho,Den,Nau Vua,Thap,Luon song,Day,Ram,Dai,Uc
Den,Nho,Den,Nau Vua,Thap,Xoan,Mong,Thua,Dai,A
Den,To,Den,Nau Sam,Cao,Xoan,Mong,Ram,Do,Phi
Den,To,Den,Nau Vua,Thap,Xoan,Day,Thua,Bet,A
Den,Nho,Den,Nau Vua,Thap,Xoan,Day,Thua,Dai,A
Den,Nho,Den,Nau Sam,Thap,Thang,Day,Thua,Bet,Phi
Den,Nho,Den,Nau Vua,Thap,Luon song,Day,Ram,Bet,Uc
Den,To,Den,Trang Vang,Thap,Thang,Day,Ram,Ngan,A
Den,Nho,Den,Nau Vua,Thap,Luon song,Day,Ram,Do,Uc
Den,To,Den,Nau Vua,Cao,Thang,Mong,Ram,Dai,Uc
Den,Nho,Den,Nau Vua,Thap,Thang,Mong,Ram,Bet,A
Den,Nho,Den,Nau Vua,Thap,Thang,Day,Ram,Bet,A
Vang,Nho,Den,Nau Vua,Thap,Xoan,Day,Ram,Bet,Au
Lam,Nho,Vang,Nau Vua,Cao,Xoan,Mong,Ram,Dai,Au
Lam,Nho,Den,Nau Vua,Thap,Luon song,Day,Ram,Dai,Au
Den,Nho,Den,Nau Sam,Thap,Xoan,Day,Thua,Dai,Phi
Den,To,Do,Nau Sam,Thap,Xoan,Mong,Thua,Dai,Au
Den,Nho,Den,Nau Vua,Thap,Luon song,Mong,Ram,Bet,Uc
Den,To,Den,Nau Sam,Thap,Xoan,Mong,Ram,Bet,Phi
Lam,To,Den,Nau Sam,Thap,Luon song,Day,Ram,Bet,Au
Den,Nho,Den,Trang Vang,Thap,Thang,Day,Thua,Dai,A
Den,To,Den,Nau Vua,Thap,Luon song,Day,Ram,Ngan,Uc
Den,Nho,Den,Nau Vua,Thap,Luon song,Mong,Ram,Bet,Uc
Den,To,Den,Nau Vua,Thap,Luon song,Mong,Ram,Bet,Uc
Den,Nho,Den,Nau Vua,Thap,Xoan,Mong,Thua,Do,A
Den,To,Den,Nau Vua,Thap,Xoan,Day,Ram,Bet,A
Den,Nho,Den,Nau Vua,Thap,Xoan,Mong,Ram,Do,A
Den,To,Vang,Nau Vua,Cao,Thang,Day,Thua,Bet,Au
Den,Nho,Den,Nau Vua,Cao,Luon song,Mong,Thua,Bet,Uc
Den,To,Den,Nau Vua,Thap,Xoan,Day,Ram,Dai,A
Den,To,Den,Nau Vua,Thap,Thang,Day,Ram,Dai,A
Den,To,Den,Nau Sam,Thap,Thang,Mong,Ram,Bet,Phi
Vang,To,Den,Trang Vang,Cao,Thang,Day,Ram,Dai,Au
Den,To,Den,Nau Sam,Thap,Xoan,Day,Ram,Do,Phi
Den,To,Den,Nau Vua,Thap,Luon song,Mong,Ram,Dai,Uc
Den,Nho,Vang,Nau Vua,Thap,Luon song,Mong,Ram,Ngan,Au
Den,Nho,Den,Nau Vua,Thap,Thang,Day,Ram,Dai,A
Den,Nho,Den,Nau Sam,Thap,Xoan,Mong,Thua,Dai,Phi
Den,Nho,Den,Nau Sam,Thap,Thang,Mong,Ram,Do,Phi
Den,Nho,Den,Nau Vua,Thap,Luon song,Mong,Ram,Do,Uc
Lam,Nho,Den,Nau Sam,Thap,Xoan,Mong,Thua,Do,Au
Vang,Nho,Den,Nau Vua,Thap,Xoan,Day,Thua,Bet,Au
Den,Nho,Do,Nau Sam,Cao,Thang,Day,Ram,Ngan,Au
Den,To,Den,Nau Sam,Thap,Xoan,Day,Ram,Dai,Phi
Den,Nho,Den,Nau Vua,Thap,Luon song,Day,Ram,Dai,Uc
Den,To,Den,Nau Sam,Thap,Xoan,Day,Thua,Bet,Phi
Den,Nho,Den,Nau Sam,Thap,Xoan,Day,Ram,Do,Phi
Den,To,Den,Nau Sam,Thap,Xoan,Day,Ram,Do,Phi
Den,To,Den,Nau Vua,Thap,Xoan,Day,Ram,Bet,A
Den,To,Den,Nau Sam,Thap,Luon song,Mong,Ram,Dai,Uc
Den,To,Den,Nau Sam,Thap,Thang,Day,Ram,Dai,Phi
Den,Nho,Den,Nau Vua,Cao,Luon song,Day,Ram,Dai,Uc
Den,Nho,Den,Nau Vua,Cao,Xoan,Day,Thua,Dai,A
Den,Nho,Den,Nau Vua,Cao,Xoan,Mong,Ram,Dai,Uc
Lam,To,Den,Nau Vua,Thap,Xoan,Day,Ram,Bet,Au
Den,To,Den,Nau Vua,Cao,Luon song,Mong,Ram,Ngan,Uc
Den,To,Den,Nau Vua,Thap,Thang,Mong,Thua,Bet,A
Den,Nho,Den,Nau Vua,Cao,Luon song,Day,Ram,Ngan,Uc
Den,Nho,Den,Nau Sam,Thap,Luon song,Mong,Thua,Ngan,Phi
Den,To,Den,Nau Sam,Cao,Thang,Day,Ram,Do,Phi
Den,To,Vang,Nau Vua,Thap,Xoan,Day,Thua,Dai,Au
Den,Nho,Den,Nau Sam,Thap,Luon song,Mong,Ram,Dai,Uc
Den,To,Vang,Nau Sam,Thap,Luon song,Mong,Ram,Bet,Au
Den,To,Vang,Trang Vang,Cao,Luon song,Day,Thua,Dai,Au
Den,To,Den,Nau Vua,Thap,Xoan,Mong,Ram,Bet,A
Den,To,Den,Nau Sam,Thap,Xoan,Day,Ram,Dai,Phi
Vang,Nho,Do,Nau Vua,Thap,Luon song,Day,Ram,Bet,Au
Den,To,Den,Nau Vua,Cao,Xoan,Day,Ram,Bet,Uc
Den,To,Vang,Nau Sam,Thap,Xoan,Day,Ram,Ngan,Au
Den,To,Den,Nau Vua,Cao,Thang,Day,Ram,Dai,Uc
Den,To,Den,Nau Vua,Thap,Thang,Mong,Ram,Dai,A
Den,Nho,Den,Nau Vua,Thap,Luon song,Day,Ram,Bet,Uc
Den,Nho,Den,Nau Vua,Cao,Xoan,Mong,Ram,Dai,Uc
Den,Nho,Den,Nau Vua,Thap,Xoan,Mong,Ram,Ngan,A
Den,To,Den,Nau Vua,Thap,Xoan,Day,Ram,Bet,A
Den,Nho,Den,Nau Sam,Thap,Xoan,Mong,Ram,Bet,Phi
Lam,Nho,Den,Nau Sam,Thap,Thang,Mong,Thua,Do,Au
Den,Nho,Den,Nau Vua,Cao,Xoan,Day,Thua,Bet,A
Den,To,Den,Nau Sam,Thap,Xoan,Day,Ram,Do,Phi
Vang,Nho,Den,Nau Vua,Thap,Thang,Mong,Ram,Ngan,Au
Den,To,Den,Nau Vua,Cao,Xoan,Day,Ram,Bet,Uc
Den,Nho,Den,Nau Vua,Thap,Xoan,Day,Ram,Bet,A
Den,Nho,Den,Nau Vua,Thap,Luon song,Day,Ram,Bet,Uc
Den,To,Den,Nau Sam,Thap,Xoan,Day,Ram,Ngan,Phi
Den,To,Den,Nau Vua,Thap,Luon song,Day,Ram,Bet,Uc
Den,Nho,Den,Nau Vua,Thap,Thang,Mong,Ram,Do,A
Den,To,Den,Nau Vua,Cao,Xoan,Day,Ram,Do,Uc
Lam,To,Den,Nau Vua,Thap,Thang,Day,Ram,Bet,Au
Den,Nho,Den,Nau Vua,Thap,Xoan,Day,Ram,Bet,A
Den,Nho,Den,Nau Sam,Cao,Thang,Day,Ram,Ngan,Phi
Den,Nho,Vang,Nau Vua,Thap,Luon song,Mong,Ram,Bet,Au
Den,To,Den,Nau Vua,Thap,Luon song,Mong,Ram,Do,Uc
Den,Nho,Den,Nau Vua,Cao,Xoan,Day,Ram,Bet,Uc
Lam,To,Do,Nau Vua,Thap,Thang,Mong,Ram,Dai,Au
Den,To,Vang,Nau Sam,Thap,Luon song,Day,Ram,Dai,Au
Den,To,Den,Nau Vua,Thap,Thang,Day,Thua,Ngan,A
Den,To,Den,Nau Vua,Thap,Thang,Day,Ram,Bet,A
Den,To,Vang,Nau Vua,Thap,Thang,Day,Ram,Do,Au
Den,Nho,Vang,Nau Vua,Cao,Thang,Day,Thua,Bet,Au
Den,Nho,Den,Nau Sam,Thap,Luon song,Day,Ram,Do,Uc
Vang,To,Den,Trang Vang,Thap,Thang,Day,Ram,Bet,Au
Den,Nho,Den,Nau Vua,Thap,Luon song,Mong,Ram,Do,Uc
Den,To,Den,Nau Vua,Thap,Thang,Day,Thua,Do,A
Den,Nho,Den,Nau Sam,Thap,Xoan,Day,Thua,Ngan,Phi
Lam,To,Den,Nau Vua,Thap,Thang,Mong,Ram,Dai,Au
Den,Nho,Den,Nau Vua,Thap,Luon song,Mong,Ram,Do,Uc
Den,To,Den,Nau Vua,Thap,Luon song,Day,Ram,Dai,Uc
Den,Nho,Den,Nau Sam,Thap,Thang,Day,Thua,Bet,Phi
Den,To,Do,Nau Vua,Thap,Thang,Day,Ram,Bet,Au
Den,To,Den,Nau Vua,Thap,Thang,Day,Thua,Ngan,A
Lam,Nho,Den,Nau Sam,Thap,Luon song,Mong,Ram,Dai,Au
Den,Nho,Vang,Nau Vua,Thap,Luon song,Day,Thua,Dai,Au
Den,Nho,Den,Nau Vua,Cao,Thang,Day,Thua,Dai,A
Den,Nho,Den,Nau Vua,Thap,Luon song,Mong,Ram,Bet,Uc
Den,Nho,Den,Nau Sam,Thap,Thang,Day,Ram,Bet,Phi
Den,Nho,Den,Nau Vua,Thap,Thang,Day,Ram,Bet,A
Den,To,Den,Nau Sam,Thap,Thang,Day,Ram,Bet,Phi
Lam,Nho,Den,Nau Sam,Thap,Thang,Day,Thua,Bet,Au
Den,Nho,Den,Trang Vang,Thap,Xoan,Day,Ram,Dai,A
Den,Nho,Den,Nau Vua,Thap,Luon song,Day,Ram,Bet,Uc
Den,To,Den,Nau Vua,Thap,Thang,Mong,Ram,Bet,A
Den,To,Den,Nau Sam,Thap,Luon song,Day,Ram,Ngan,Uc
Den,To,Den,Trang Vang,Cao,Luon song,Mong,Ram,Bet,Au
Den,To,Vang,Nau Vua,Thap,Luon song,Mong,Ram,Dai,Au
Lam,To,Den,Nau Vua,Cao,Luon song,Mong,Ram,Dai,Au
Den,Nho,Den,Nau Sam,Thap,Xoan,Mong,Ram,Dai,Phi
Den,To,Den,Nau Vua,Cao,Thang,Mong,Ram,Do,Uc
Den,To,Den,Nau Vua,Thap,Thang,Day,Thua,Bet,A
Den,Nho,Den,Nau Vua,Thap,Thang,Mong,Ram,Bet,A
Den,Nho,Den,Nau Sam,Thap,Xoan,Mong,Ram,Dai,Phi
Vang,To,Den,Nau Vua,Thap,Thang,Day,Thua,Dai,Au
Den,To,Den,Nau Vua,Thap,Xoan,Day,Ram,Bet,A
Den,Nho,Den,Nau Sam,Cao,Xoan,Day,Ram,Do,Phi
Den,Nho,Den,Nau Vua,Thap,Xoan,Mong,Thua,Do,A
Den,To,Den,Nau Vua,Cao,Luon song,Mong,Ram,Do,Uc
Den,Nho,Den,Nau Vua,Cao,Thang,Day,Thua,Do,A
Den,Nho,Den,Nau Vua,Thap,Xoan,Day,Ram,Ngan,A
Den,To,Den,Nau Vua,Thap,Luon song,Day,Thua,Ngan,Uc
Den,Nho,Den,Nau Vua,Thap,Luon song,Day,Ram,Do,Uc
Vang,Nho,Den,Nau Vua,Thap,Xoan,Day,Ram,Ngan,Au
Den,Nho,Den,Nau Sam,Thap,Thang,Day,Thua,Bet,Phi
Den,Nho,Den,Nau Sam,Thap,Xoan,Day,Ram,Dai,Phi
Den,Nho,Vang,Nau Vua,Thap,Xoan,Mong,Ram,Do,Au
Den,Nho,Den,Nau Sam,Thap,Xoan,Day,Ram,Dai,Phi
Den,To,Den,Nau Vua,Thap,Luon song,Mong,Thua,Dai,Uc
Den,To,Den,Nau Sam,Cao,Luon song,Day,Thua,Bet,Phi
Den,To,Den,Nau Sam,Thap,Xoan,Mong,Thua,Do,Phi
Den,Nho,Den,Nau Sam,Cao,Luon song,Day,Ram,Bet,Uc
Den,Nho,Den,Nau Vua,Thap,Thang,Mong,Thua,Dai,A
Den,Nho,Vang,Trang Vang,Cao,Xoan,Day,Ram,Bet,Au
Den,To,Den,Trang Vang,Cao,Xoan,Day,Ram,Bet,Au
Den,Nho,Den,Nau Sam,Thap,Luon song,Day,Ram,Bet,Uc
Den,To,Den,Nau Sam,Cao,Xoan,Mong,Ram,Bet,Phi
Den,To,Den,Nau Vua,Thap,Luon song,Mong,Thua,Bet,Uc
Den,Nho,Den,Nau Vua,Thap,Xoan,Mong,Ram,Bet,A
Den,Nho,Den,Nau Vua,Thap,Xoan,Day,Ram,Ngan,A
Den,Nho,Den,Nau Sam,Cao,Luon song,Mong,Thua,Bet,Phi
Den,Nho,Den,Nau Vua,Thap,Luon song,Mong,Thua,Bet,Uc
Den,To,Den,Nau Sam,Thap,Thang,Day,Ram,Do,Phi
Den,To,Den,Nau Vua,Cao,Xoan,Day,Thua,Do,A
Den,To,Den,Nau Sam,Thap,Thang,Day,Thua,Dai,Phi
Den,Nho,Den,Nau Vua,Thap,Xoan,Mong,Thua,Dai,A
Den,To,Den,Nau Vua,Thap,Xoan,Day,Ram,Bet,A
Den,Nho,Vang,Nau Vua,Thap,Luon song,Day,Thua,Do,Au
Den,Nho,Vang,Nau Sam,Thap,Xoan,Day,Thua,Bet,Au
Den,To,Den,Trang Vang,Cao,Thang,Mong,Ram,Do,Au
Den,Nho,Den,Nau Vua,Cao,Xoan,Mong,Ram,Bet,Uc
Den,To,Den,Nau Sam,Thap,Xoan,Day,Thua,Dai,Phi
Den,Nho,Den,Nau Vua,Cao,Luon song,Mong,Ram,Ngan,Uc
Den,Nho,Den,Nau Sam,Thap,Thang,Day,Thua,Do,Phi
Den,Nho,Vang,Nau Sam,Thap,Luon song,Day,Ram,Dai,Au
Den,To,Den,Nau Vua,Thap,Xoan,Day,Ram,Bet,A
Den,Nho,Den,Nau Sam,Cao,Xoan,Day,Ram,Do,Phi
Den,Nho,Den,Nau Sam,Cao,Xoan,Mong,Ram,Dai,Phi
Den,Nho,Den,Nau Vua,Thap,Xoan,Day,Ram,Dai,A
Den,Nho,Den,Nau Vua,Thap,Thang,Day,Ram,Bet,A
Den,Nho,Vang,Nau Vua,Thap,Xoan,Day,Ram,Do,Au
Den,Nho,Den,Nau Vua,Thap,Xoan,Day,Ram,Do,A
Den,To,Vang,Nau Vua,Thap,Xoan,Mong,Ram,Ngan,Au
Den,Nho,Den,Nau Sam,Cao,Xoan,Mong,Ram,Ngan,Phi
Den,To,Den,Nau Vua,Thap,Thang,Mong,Ram,Bet,A
Den,Nho,Den,Nau Vua,Thap,Thang,Day,Ram,Do,A
Den,Nho,Den,Nau Vua,Cao,Thang,Day,Ram,Ngan,Uc
Den,Nho,Den,Nau Vua,Thap,Xoan,Day,Ram,Do,A
Den,Nho,Den,Nau Sam,Thap,Xoan,Day,Thua,Dai,Phi
Den,To,Den,Nau Vua,Thap,Xoan,Day,Thua,Bet,A
Den,Nho,Den,Nau Vua,Thap,Thang,Day,Thua,Bet,A
Den,To,Den,Nau Sam,Thap,Thang,Day,Ram,Ngan,Phi
Den,To,Den,Nau Sam,Thap,Xoan,Mong,Ram,Bet,Phi
Den,To,Den,Nau Sam,Thap,Xoan,Mong,Ram,Dai,Phi
Den,Nho,Den,Nau Vua,Thap,Thang,Day,Thua,Bet,A
Den,To,Den,Nau Vua,Thap,Thang,Day,Thua,Ngan,A
Den,Nho,Den,Nau Vua,Thap,Xoan,Mong,Thua,Dai,A
Den,To,Den,Nau Sam,Thap,Thang,Day,Ram,Dai,Phi
Lam,Nho,Vang,Nau Vua,Thap,Luon song,Mong,Ram,Do,Au
Den,Nho,Den,Nau Sam,Thap,Xoan,Day,Thua,Bet,Phi
Den,Nho,Den,Nau Sam,Thap,Thang,Mong,Thua,Bet,Phi
Den,To,Den,Nau Sam,Thap,Luon song,Mong,Ram,Bet,Uc
Den,To,Den,Nau Vua,Thap,Xoan,Day,Thua,Ngan,A
Den,To,Den,Nau Sam,Thap,Xoan,Day,Ram,Bet,Phi
Den,To,Den,Nau Vua,Thap,Luon song,Day,Ram,Ngan,Uc
Den,To,Den,Nau Vua,Thap,Thang,Day,Ram,Bet,A
Lam,Nho,Den,Nau Vua,Cao,Xoan,Mong,Ram,Bet,Au
Den,Nho,Den,Nau Vua,Cao,Luon song,Mong,Thua,Do,Uc
Den,Nho,Den,Nau Vua,Thap,Thang,Day,Ram,Bet,A
Den,To,Den,Nau Vua,Thap,Xoan,Mong,Ram,Dai,A
Den,Nho,Vang,Nau Vua,Thap,Xoan,Day,Ram,Dai,Au
Den,Nho,Den,Nau Vua,Thap,Xoan,Day,Ram,Ngan,A
Den,To,Den,Nau Vua,Thap,Luon song,Mong,Thua,Bet,Uc
Lam,To,Den,Nau Vua,Thap,Luon song,Mong,Ram,Do,Au
Den,Nho,Den,Nau Vua,Thap,Luon song,Mong,Thua,Bet,Uc
Den,Nho,Den,Trang Vang,Thap,Xoan,Day,Ram,Do,A
Den,To,Den,Nau Sam,Thap,Xoan,Day,Ram,Bet,Phi
Den,Nho,Den,Nau Vua,Thap,Luon song,Day,Ram,Do,Uc
Den,Nho,Den,Nau Vua,Thap,Xoan,Day,Thua,Do,A
Den,Nho,Vang,Nau Vua,Thap,Xoan,Mong,Ram,Do,Au
Den,Nho,Den,Nau Vua,Thap,Luon song,Day,Ram,Dai,Uc
Lam,To,Den,Nau Vua,Thap,Thang,Day,Thua,Bet,Au
Den,To,Den,Nau Vua,Thap,Thang,Day,Thua,Bet,A
Den,To,Den,Nau Vua,Cao,Xoan,Day,Ram,Bet,Uc
Den,To,Vang,Nau Vua,Thap,Luon song,Day,Thua,Bet,Au
Den,Nho,Den,Nau Vua,Thap,Xoan,Mong,Ram,Bet,A
Den,Nho,Den,Nau Vua,Thap,Thang,Mong,Ram,Ngan,A
Den,Nho,Den,Nau Sam,Cao,Xoan,Day,Ram,Bet,Phi
Den,Nho,Den,Nau Vua,Cao,Luon song,Mong,Thua,Do,Uc
Den,Nho,Den,Nau Vua,Thap,Xoan,Mong,Thua,Ngan,A
Lam,Nho,Den,Nau Sam,Cao,Thang,Day,Ram,Do,Au
Den,To,Den,Nau Vua,Thap,Xoan,Day,Thua,Do,A
Den,Nho,Den,Nau Vua,Thap,Xoan,Mong,Ram,Dai,A
Den,To,Den,Trang Vang,Thap,Xoan,Day,Ram,Bet,A
Den,Nho,Den,Nau Vua,Thap,Xoan,Day,Ram,Bet,A
Den,To,Den,Nau Sam,Thap,Xoan,Mong,Ram,Do,Phi
Den,Nho,Den,Nau Vua,Thap,Xoan,Mong,Thua,Do,A
Den,Nho,Den,Nau Vua,Cao,Luon song,Day,Ram,Ngan,Uc
Den,To,Den,Trang Vang,Thap,Thang,Day,Thua,Ngan,A
Den,Nho,Vang,Nau Vua,Cao,Xoan,Mong,Ram,Do,Au
Lam,To,Den,Nau Vua,Thap,Luon song,Day,Ram,Bet,Au
Lam,To,Den,Nau Vua,Thap,Xoan,Mong,Ram,Bet,Au
Den,Nho,Den,Nau Vua,Cao,Thang,Day,Ram,Dai,Uc
Den,Nho,Den,Nau Vua,Thap,Luon song,Mong,Ram,Do,Uc
Den,To,Den,Nau Vua,Thap,Luon song,Day,Ram,Bet,Uc
Den,Nho,Den,Nau Vua,Thap,Luon song,Day,Ram,Bet,Uc
Den,Nho,Den,Nau Sam,Cao,Xoan,Day,Ram,Bet,Phi
Den,Nho,Den,Nau Sam,Thap,Luon song,Mong,Ram,Do,Uc
Den,To,Vang,Nau Vua,Thap,Xoan,Day,Ram,Dai,Au
Den,To,Den,Trang Vang,Thap,Luon song,Mong,Ram,Dai,A
Lam,To,Den,Nau Vua,Thap,Thang,Mong,Ram,Bet,Au
Den,Nho,Den,Nau Vua,Thap,Xoan,Day,Ram,Do,A
Lam,To,Den,Nau Vua,Thap,Luon song,Day,Thua,Dai,Au
Den,To,Den,Nau Vua,Thap,Xoan,Day,Ram,Ngan,A
Den,To,Den,Nau Vua,Cao,Thang,Day,Ram,Dai,Uc
Den,Nho,Den,Nau Sam,Cao,Thang,Mong,Ram,Bet,Phi
Den,To,Den,Nau Vua,Thap,Xoan,Day,Thua,Dai,A
Den,Nho,Den,Nau Vua,Thap,Thang,Mong,Thua,Bet,A
Den,To,Den,Nau Sam,Cao,Luon song,Day,Thua,Ngan,Phi
Den,Nho,Den,Nau Vua,Thap,Xoan,Day,Ram,Bet,A
Den,Nho,Den,Nau Vua,Thap,Thang,Mong,Ram,Ngan,A
Den,Nho,Den,Nau Vua,Thap,Thang,Mong,Ram,Do,A
Den,To,Den,Nau Vua,Thap,Thang,Day,Ram,Do,A
Vang,Nho,Den,Nau Vua,Thap,Luon song,Mong,Ram,Do,Au
Den,Nho,Den,Nau Vua,Thap,Xoan,Day,Thua,Dai,A
Den,To,Den,Nau Vua,Thap,Xoan,Mong,Ram,Bet,A
Den,To,Den,Nau Vua,Thap,Thang,Day,Thua,Bet,A
Den,Nho,Den,Nau Sam,Thap,Luon song,Mong,Ram,Bet,Uc
Den,To,Den,Nau Vua,Thap,Luon song,Mong,Ram,Bet,Uc
Den,Nho,Den,Nau Vua,Cao,Thang,Mong,Ram,Do,Uc
Den,To,Den,Nau Sam,Thap,Luon song,Day,Ram,Dai,Uc
Den,To,Den,Nau Sam,Thap,Luon song,Mong,Thua,Bet,Phi
Den,Nho,Den,Nau Vua,Thap,Thang,Mong,Ram,Bet,A
Den,To,Den,Nau Vua,Cao,Thang,Day,Ram,Bet,Uc
Den,Nho,Den,Nau Vua,Thap,Thang,Day,Ram,Dai,A
Den,To,Den,Nau Vua,Cao,Xoan,Mong,Ram,Bet,Uc
Lam,To,Den,Trang Vang,Thap,Xoan,Day,Ram,Dai,Au
Den,To,Den,Nau Vua,Cao,Xoan,Day,Ram,Bet,Uc
Den,To,Den,Trang Vang,Thap,Luon song,Mong,Ram,Bet,A
Den,Nho,Den,Nau Sam,Thap,Thang,Day,Ram,Dai,Phi
Den,Nho,Den,Nau Vua,Thap,Thang,Day,Ram,Dai,A
Den,To,Den,Nau Vua,Thap,Thang,Day,Ram,Dai,A
Den,To,Vang,Nau Sam,Thap,Luon song,Day,Ram,Bet,Au
Den,To,Den,Nau Vua,Thap,Thang,Day,Thua,Dai,A
Lam,Nho,Den,Nau Vua,Thap,Thang,Day,Thua,Dai,Au
Den,Nho,Den,Nau Sam,Thap,Luon song,Mong,Ram,Dai,Uc
Den,Nho,Den,Nau Vua,Thap,Luon song,Day,Thua,Dai,Uc
Den,Nho,Vang,Nau Vua,Thap,Luon song,Day,Ram,Bet,Au
Lam,Nho,Vang,Nau Vua,Thap,Luon song,Day,Thua,Dai,Au
Den,To,Den,Nau Vua,Thap,Xoan,Day,Thua,Ngan,A
Den,To,Den,Nau Vua,Thap,Xoan,Mong,Ram,Bet,A
Den,To,Den,Trang Vang,Thap,Luon song,Mong,Ram,Bet,A
Den,Nho,Den,Nau Sam,Thap,Thang,Mong,Ram,Bet,Phi
Den,Nho,Den,Nau Vua,Thap,Thang,Mong,Ram,Bet,A
Lam,To,Den,Nau Vua,Thap,Xoan,Day,Ram,Do,Au
Den,Nho,Den,Nau Vua,Thap,Xoan,Day,Ram,Bet,A
Den,To,Den,Nau Vua,Cao,Xoan,Day,Ram,Dai,Uc
Den,Nho,Den,Trang Vang,Cao,Luon song,Day,Ram,Dai,Au
Den,To,Den,Nau Vua,Thap,Luon song,Day,Thua,Ngan,Uc
Den,Nho,Den,Nau Sam,Thap,Thang,Day,Thua,Bet,Phi
Den,To,Den,Nau Vua,Thap,Thang,Mong,Thua,Do,A
Den,Nho,Den,Nau Vua,Thap,Xoan,Day,Ram,Bet,A
Den,To,Den,Nau Vua,Cao,Xoan,Day,Ram,Bet,Uc
Den,Nho,Vang,Nau Vua,Cao,Thang,Day,Ram,Do,Au
Lam,To,Den,Nau Vua,Thap,Xoan,Mong,Ram,Dai,Au
Den,To,Den,Trang Vang,Cao,Xoan,Day,Ram,Bet,Au
Den,To,Den,Nau Sam,Cao,Thang,Day,Ram,Do,Phi
Den,Nho,Den,Nau Vua,Cao,Xoan,Day,Ram,Bet,Uc
Den,To,Den,Nau Sam,Thap,Luon song,Day,Ram,Bet,Uc
Den,To,Den,Nau Vua,Thap,Thang,Mong,Thua,Bet,A
Vang,Nho,Den,Nau Sam,Thap,Thang,Day,Ram,Dai,Au
Den,Nho,Den,Nau Vua,Thap,Xoan,Day,Thua,Dai,A
Den,Nho,Den,Trang Vang,Thap,Xoan,Mong,Ram,Bet,A
Den,Nho,Den,Nau Sam,Thap,Luon song,Day,Ram,Bet,Uc
Den,To,Den,Nau Vua,Thap,Xoan,Day,Ram,Bet,A
Den,Nho,Den,Nau Vua,Thap,Xoan,Day,Thua,Bet,A
Den,Nho,Den,Nau Vua,Thap,Xoan,Day,Thua,Dai,A
Den,To,Den,Nau Vua,Thap,Thang,Day,Thua,Bet,A
Den,Nho,Den,Nau Vua,Cao,Thang,Mong,Thua,Ngan,A
Den,Nho,Den,Nau Vua,Cao,Xoan,Day,Ram,Bet,Uc
Den,Nho,Den,Nau Vua,Thap,Thang,Day,Ram,Ngan,A
Den,To,Den,Nau Vua,Thap,Thang,Day,Ram,Ngan,A
Den,To,Den,Nau Sam,Thap,Luon song,Day,Thua,Do,Phi
Den,Nho,Den,Nau Sam,Thap,Thang,Day,Thua,Do,Phi
Den,Nho,Den,Nau Vua,Thap,Thang,Mong,Ram,Bet,A
Lam,Nho,Vang,Trang Vang,Cao,Xoan,Mong,Ram,Dai,Au
Den,Nho,Vang,Nau Sam,Thap,Xoan,Mong,Thua,Bet,Au
Den,Nho,Den,Nau Vua,Thap,Xoan,Mong,Thua,Bet,A
Den,To,Den,Nau Sam,Thap,Thang,Day,Ram,Bet,Phi
Lam,Nho,Den,Nau Sam,Thap,Thang,Day,Ram,Bet,Au
Den,Nho,Den,Trang Vang,Cao,Xoan,Day,Ram,Dai,Au
Den,To,Den,Nau Vua,Thap,Xoan,Mong,Ram,Dai,A
Den,To,Den,Nau Sam,Thap,Thang,Mong,Ram,Bet,Phi
Den,Nho,Den,Nau Vua,Thap,Thang,Day,Ram,Do,A
Den,Nho,Den,Trang Vang,Thap,Luon song,Day,Thua,Bet,A
Den,To,Den,Nau Vua,Thap,Thang,Day,Thua,Dai,A
Lam,Nho,Den,Nau Sam,Thap,Xoan,Mong,Ram,Ngan,Au
Den,Nho,Den,Nau Sam,Thap,Luon song,Mong,Thua,Bet,Phi
Den,To,Den,Nau Vua,Thap,Xoan,Mong,Ram,Bet,A
Den,To,Den,Nau Sam,Thap,Thang,Day,Thua,Bet,Phi
Den,To,Den,Trang Vang,Thap,Xoan,Day,Thua,Do,A
Den,To,Den,Nau Sam,Thap,Thang,Mong,Ram,Bet,Phi
Den,Nho,Den,Nau Vua,Thap,Thang,Day,Ram,Bet,A
Den,To,Den,Nau Vua,Cao,Thang,Day,Thua,Do,A
Den,Nho,Den,Nau Vua,Thap,Xoan,Day,Ram,Do,A
Den,To,Den,Trang Vang,Cao,Thang,Mong,Ram,Ngan,Au
Den,Nho,Den,Nau Vua,Thap,Thang,Mong,Ram,Bet,A
Den,To,Den,Nau Sam,Thap,Luon song,Day,Ram,Bet,Uc
Den,Nho,Den,Nau Vua,Thap,Thang,Mong,Ram,Dai,A
Den,To,Den,Nau Vua,Cao,Xoan,Mong,Ram,Dai,Uc
Den,Nho,Den,Nau Vua,Thap,Xoan,Day,Thua,Dai,A
Den,Nho,Den,Nau Vua,Thap,Luon song,Day,Ram,Bet,Uc
Den,Nho,Den,Nau Sam,Cao,Xoan,Day,Ram,Bet,Phi
Den,Nho,Den,Nau Vua,Thap,Thang,Mong,Ram,Ngan,A
Den,To,Den,Nau Vua,Thap,Thang,Mong,Ram,Do,A
Lam,Nho,Den,Nau Vua,Thap,Luon song,Day,Ram,Bet,Au
Den,To,Den,Nau Sam,Thap,Xoan,Mong,Ram,Ngan,Phi
Den,Nho,Den,Trang Vang,Thap,Luon song,Day,Thua,Bet,A
Den,Nho,Den,Nau Sam,Cao,Xoan,Day,Ram,Dai,Phi
Den,Nho,Den,Nau Vua,Cao,Luon song,Day,Thua,Dai,Uc
Den,Nho,Den,Nau Vua,Thap,Xoan,Day,Thua,Bet,A
Den,To,Den,Nau Sam,Cao,Thang,Day,Thua,Bet,Phi
Den,Nho,Den,Nau Vua,Thap,Thang,Mong,Ram,Dai,A
Den,Nho,Den,Nau Sam,Thap,Xoan,Day,Ram,Bet,Phi
Den,Nho,Den,Nau Sam,Cao,Luon song,Mong,Ram,Bet,Uc
Den,To,Den,Nau Sam,Thap,Xoan,Mong,Ram,Bet,Phi
Den,Nho,Den,Nau Vua,Thap,Luon song,Day,Ram,Bet,Uc
Den,Nho,Den,Nau Vua,Thap,Xoan,Day,Ram,Bet,A
Den,To,Den,Nau Vua,Cao,Thang,Mong,Ram,Dai,Uc
Den,To,Den,Nau Vua,Thap,Xoan,Day,Ram,Do,A
Den,To,Vang,Nau Sam,Thap,Xoan,Mong,Ram,Bet,Au
Den,To,Den,Nau Sam,Thap,Xoan,Mong,Ram,Dai,Phi
Den,To,Den,Nau Vua,Thap,Xoan,Mong,Ram,Ngan,A
Den,To,Den,Trang Vang,Thap,Luon song,Mong,Ram,Dai,A
Den,Nho,Den,Nau Vua,Thap,Xoan,Day,Thua,Dai,A
Lam,To,Den,Nau Vua,Thap,Luon song,Day,Ram,Do,Au
Lam,To,Den,Nau Vua,Thap,Thang,Day,Ram,Bet,Au
Den,Nho,Den,Nau Vua,Thap,Luon song,Day,Thua,Bet,Uc
Den,Nho,Den,Nau Vua,Thap,Luon song,Mong,Ram,Dai,Uc
Den,Nho,Vang,Nau Vua,Thap,Xoan,Day,Thua,Bet,Au
Den,To,Vang,Nau Vua,Thap,Thang,Day,Ram,Bet,Au
Lam,To,Den,Nau Vua,Thap,Luon song,Mong,Ram,Bet,Au
Den,Nho,Den,Nau Sam,Thap,Xoan,Day,Ram,Ngan,Phi
Den,Nho,Den,Nau Vua,Thap,Thang,Day,Ram,Dai,A
Den,Nho,Den,Nau Vua,Thap,Luon song,Mong,Thua,Bet,Uc
Den,To,Vang,Nau Vua,Cao,Luon song,Day,Ram,Bet,Au
Den,Nho,Vang,Nau Vua,Thap,Thang,Day,Thua,Dai,Au
Den,To,Den,Nau Vua,Thap,Luon song,Day,Ram,Bet,Uc
Den,Nho,Den,Trang Vang,Cao,Thang,Day,Ram,Ngan,Au
Den,To,Den,Nau Vua,Thap,Thang,Day,Ram,Ngan,A
Den,Nho,Den,Nau Vua,Thap,Thang,Mong,Ram,Ngan,A
Den,To,Den,Nau Vua,Thap,Xoan,Day,Ram,Bet,A
Den,To,Den,Nau Vua,Thap,Thang,Day,Ram,Dai,A
Den,Nho,Den,Nau Vua,Thap,Luon song,Mong,Thua,Do,Uc
Den,Nho,Do,Nau Sam,Thap,Luon song,Day,Ram,Do,Au
Den,Nho,Den,Nau Vua,Thap,Xoan,Mong,Ram,Ngan,A
Den,Nho,Den,Nau Sam,Thap,Thang,Day,Thua,Bet,Phi
Den,Nho,Den,Nau Vua,Thap,Thang,Day,Ram,Bet,A
Den,Nho,Den,Nau Vua,Thap,Xoan,Mong,Thua,Bet,A
Den,To,Den,Nau Vua,Thap,Thang,Day,Ram,Bet,A
Vang,To,Den,Nau Vua,Thap,Xoan,Mong,Thua,Ngan,Au
Den,To,Den,Nau Vua,Thap,Xoan,Day,Ram,Bet,A
Den,To,Den,Nau Vua,Thap,Luon song,Day,Ram,Dai,Uc
Den,Nho,Den,Nau Vua,Thap,Luon song,Mong,Thua,Do,Uc
Vang,To,Den,Nau Vua,Thap,Luon song,Day,Ram,Bet,Au
Den,Nho,Den,Nau Vua,Thap,Xoan,Day,Ram,Dai,A
Den,Nho,Den,Nau Vua,Thap,Luon song,Mong,Ram,Bet,Uc
Den,Nho,Den,Nau Sam,Thap,Thang,Mong,Ram,Bet,Phi
Den,Nho,Den,Trang Sang,Thap,Luon song,Day,Ram,Ngan,Au
Den,To,Den,Nau Vua,Thap,Xoan,Day,Thua,Ngan,A
Den,Nho,Vang,Nau Vua,Thap,Luon song,Day,Ram,Bet,Au
Den,To,Den,Nau Vua,Thap,Xoan,Mong,Ram,Ngan,A
Den,Nho,Den,Nau Sam,Thap,Thang,Mong,Ram,Bet,Phi
Den,Nho,Den,Nau Vua,Thap,Thang,Day,Thua,Bet,A
Den,Nho,Den,Nau Sam,Thap,Thang,Mong,Thua,Bet,Phi
Den,To,Den,Nau Vua,Thap,Thang,Mong,Ram,Bet,A
Den,To,Den,Nau Vua,Thap,Thang,Day,Thua,Do,A
Den,To,Den,Nau Vua,Cao,Thang,Day,Ram,Do,Uc
Den,To,Den,Nau Vua,Cao,Xoan,Mong,Ram,Dai,Uc
Den,Nho,Den,Nau Sam,Cao,Thang,Mong,Ram,Do,Phi
Den,Nho,Den,Nau Sam,Thap,Xoan,Day,Ram,Dai,Phi
Den,Nho,Den,Nau Vua,Cao,Luon song,Day,Thua,Bet,Uc
Den,Nho,Den,Nau Sam,Thap,Luon song,Day,Ram,Do,Uc
Den,Nho,Vang,Nau Vua,Thap,Thang,Mong,Ram,Bet,Au
Den,Nho,Den,Nau Sam,Cao,Thang,Day,Ram,Do,Phi
Den,Nho,Den,Nau Vua,Thap,Thang,Mong,Ram,Do,A
Den,To,Den,Nau Sam,Thap,Luon song,Day,Ram,Dai,Uc
Den,Nho,Do,Nau Sam,Cao,Thang,Day,Ram,Dai,Au
Den,Nho,Den,Nau Vua,Thap,Xoan,Day,Ram,Ngan,A
Den,To,Den,Nau Vua,Thap,Xoan,Day,Ram,Do,A
Den,Nho,Den,Nau Vua,Thap,Thang,Day,Ram,Dai,A
Den,To,Den,Nau Sam,Thap,Xoan,Mong,Ram,Do,Phi
Lam,Nho,Vang,Nau Vua,Thap,Thang,Day,Ram,Do,Au
Den,To,Vang,Nau Vua,Thap,Xoan,Mong,Ram,Ngan,Au
Den,Nho,Den,Nau Vua,Thap,Luon song,Mong,Ram,Bet,Uc
Den,Nho,Den,Nau Vua,Thap,Thang,Day,Thua,Bet,A
Den,Nho,Den,Trang Vang,Thap,Luon song,Day,Ram,Dai,A
Den,Nho,Den,Nau Sam,Cao,Xoan,Mong,Ram,Bet,Phi
Den,To,Den,Nau Vua,Thap,Xoan,Day,Ram,Dai,A
Den,Nho,Den,Nau Vua,Thap,Xoan,Mong,Thua,Dai,A
Den,Nho,Den,Trang Vang,Thap,Xoan,Day,Thua,Do,A
Vang,To,Den,Nau Sam,Thap,Thang,Day,Thua,Do,Au
Den,To,Den,Nau Vua,Thap,Luon song,Mong,Ram,Do,Uc
Den,Nho,Den,Nau Vua,Thap,Thang,Mong,Ram,Dai,A
Den,To,Den,Nau Vua,Thap,Luon song,Mong,Ram,Bet,Uc
Den,To,Den,Nau Vua,Thap,Xoan,Day,Ram,Ngan,A
Den,Nho,Den,Nau Vua,Thap,Xoan,Day,Thua,Dai,A
Den,Nho,Den,Nau Vua,Thap,Thang,Day,Thua,Do,A
Den,To,Den,Nau Vua,Thap,Thang,Mong,Ram,Bet,A
Lam,Nho,Den,Nau Vua,Thap,Xoan,Mong,Ram,Dai,Au
Den,Nho,Den,Nau Vua,Thap,Xoan,Mong,Ram,Bet,A
Den,Nho,Den,Nau Vua,Cao,Xoan,Day,Ram,Bet,Uc
Den,Nho,Den,Nau Vua,Cao,Xoan,Mong,Ram,Bet,Uc
Den,To,Den,Nau Vua,Cao,Xoan,Day,Ram,Dai,Uc
Den,To,Den,Nau Vua,Cao,Xoan,Day,Ram,Bet,Uc
Den,To,Den,Nau Vua,Thap,Thang,Mong,Ram,Bet,A
Den,Nho,Den,Nau Vua,Thap,Thang,Day,Ram,Dai,A
Den,Nho,Den,Nau Vua,Thap,Luon song,Day,Ram,Ngan,Uc
Den,To,Den,Trang Vang,Thap,Xoan,Mong,Ram,Ngan,A
Den,Nho,Den,Nau Vua,Thap,Xoan,Day,Ram,Bet,A
Den,Nho,Den,Nau Sam,Cao,Xoan,Day,Ram,Dai,Phi
Den,Nho,Den,Nau Vua,Cao,Thang,Mong,Thua,Bet,A
Vang,To,Den,Nau Sam,Cao,Xoan,Day,Ram,Dai,Au
Den,To,Den,Trang Vang,Thap,Xoan,Mong,Ram,Dai,A
Den,To,Den,Nau Vua,Cao,Luon song,Day,Ram,Dai,Uc
Den,To,Do,Nau Vua,Thap,Thang,Day,Ram,Bet,Au
Den,Nho,Den,Nau Vua,Thap,Thang,Day,Ram,Bet,A
Den,Nho,Den,Nau Sam,Thap,Xoan,Mong,Ram,Bet,Phi
Den,Nho,Den,Trang Vang,Thap,Thang,Day,Thua,Do,A
Den,Nho,Den,Nau Vua,Thap,Xoan,Day,Ram,Bet,A
Den,Nho,Den,Nau Vua,Thap,Thang,Mong,Thua,Do,A
Den,To,Den,Nau Sam,Cao,Luon song,Mong,Thua,Bet,Phi
Den,Nho,Den,Nau Vua,Thap,Thang,Day,Ram,Bet,A
Vang,To,Den,Trang Vang,Thap,Xoan,Day,Ram,Dai,Au
Den,Nho,Den,Nau Vua,Thap,Xoan,Day,Ram,Ngan,A
Den,Nho,Den,Trang Vang,Thap,Thang,Mong,Ram,Ngan,A
Den,Nho,Vang,Nau Sam,Thap,Thang,Day,Ram,Bet,Au
Den,To,Den,Nau Sam,Thap,Thang,Day,Ram,Bet,Phi
Den,Nho,Den,Nau Vua,Thap,Luon song,Mong,Ram,Do,Uc
Den,Nho,Den,Nau Vua,Cao,Xoan,Mong,Thua,Dai,A
Den,To,Den,Nau Vua,Thap,Thang,Mong,Ram,Do,A
Den,To,Den,Nau Vua,Thap,Luon song,Day,Ram,Bet,Uc
Den,To,Do,Nau Vua,Cao,Thang,Day,Ram,Bet,Au
Den,Nho,Den,Trang Vang,Cao,Luon song,Mong,Ram,Bet,Au
Den,To,Vang,Nau Vua,Thap,Xoan,Day,Thua,Dai,Au
Den,Nho,Den,Nau Sam,Thap,Xoan,Mong,Thua,Bet,Phi
Den,To,Den,Nau Vua,Thap,Xoan,Mong,Ram,Dai,A
Den,Nho,Den,Nau Vua,Thap,Luon song,Day,Thua,Do,Uc
Lam,To,Den,Nau Vua,Cao,Thang,Day,Thua,Dai,Au
Den,Nho,Den,Nau Sam,Thap,Xoan,Mong,Ram,Dai,Phi
Den,To,Den,Nau Sam,Thap,Thang,Day,Ram,Do,Phi
Den,To,Vang,Nau Vua,Thap,Luon song,Day,Ram,Bet,Au
Den,To,Den,Nau Sam,Thap,Luon song,Day,Ram,Bet,Uc
Den,Nho,Den,Nau Vua,Thap,Thang,Mong,Thua,Ngan,A
Den,To,Den,Nau Sam,Thap,Luon song,Mong,Ram,Do,Uc
Den,To,Den,Nau Vua,Thap,Xoan,Day,Ram,Bet,A
Den,Nho,Den,Nau Vua,Thap,Luon song,Mong,Thua,Bet,Uc
Den,Nho,Den,Nau Vua,Thap,Xoan,Mong,Thua,Do,A
Den,To,Den,Nau Vua,Thap,Thang,Day,Ram,Bet,A
Den,Nho,Den,Nau Vua,Thap,Luon song,Mong,Ram,Do,Uc
Den,Nho,Den,Nau Vua,Thap,Luon song,Mong,Thua,Ngan,Uc
Den,Nho,Den,Nau Vua,Thap,Luon song,Day,Ram,Bet,Uc
Den,Nho,Den,Nau Vua,Thap,Thang,Day,Thua,Do,A
Den,To,Den,Nau Vua,Thap,Xoan,Day,Thua,Dai,A
Den,Nho,Den,Nau Vua,Thap,Xoan,Day,Ram,Dai,A
Den,To,Den,Trang Vang,Thap,Thang,Mong,Thua,Do,A
Den,Nho,Den,Nau Sam,Thap,Luon song,Day,Thua,Dai,Phi
Den,Nho,Den,Nau Sam,Thap,Xoan,Day,Thua,Bet,Phi
Lam,Nho,Den,Nau Vua,Thap,Luon song,Day,Ram,Do,Au
Den,Nho,Den,Nau Vua,Thap,Xoan,Day,Thua,Do,A
Den,To,Den,Nau Sam,Thap,Thang,Mong,Ram,Bet,Phi
Den,Nho,Den,Nau Sam,Cao,Thang,Mong,Ram,Ngan,Phi
Den,Nho,Den,Nau Vua,Thap,Luon song,Day,Thua,Do,Uc
Lam,Nho,Den,Nau Vua,Thap,Xoan,Day,Ram,Dai,Au
Den,Nho,Den,Nau Sam,Thap,Thang,Day,Thua,Bet,Phi
Den,Nho,Den,Nau Sam,Thap,Xoan,Day,Thua,Bet,Phi
Den,To,Den,Nau Sam,Thap,Thang,Day,Ram,Bet,Phi
Den,Nho,Den,Nau Vua,Thap,Xoan,Day,Ram,Bet,A
Den,Nho,Den,Nau Vua,Cao,Xoan,Day,Thua,Bet,A
Den,To,Den,Nau Sam,Thap,Thang,Day,Thua,Dai,Phi
Lam,Nho,Den,Nau Vua,Cao,Xoan,Day,Ram,Dai,Au
Den,Nho,Den,Nau Sam,Cao,Thang,Mong,Ram,Bet,Phi
Den,To,Den,Nau Vua,Thap,Thang,Mong,Ram,Do,A
Den,To,Den,Nau Vua,Thap,Luon song,Day,Ram,Ngan,Uc
Vang,To,Den,Trang Vang,Cao,Xoan,Mong,Ram,Dai,Au
Den,Nho,Den,Nau Vua,Cao,Xoan,Mong,Ram,Dai,Uc
Den,Nho,Den,Nau Vua,Thap,Xoan,Day,Ram,Dai,A
Den,To,Den,Nau Vua,Thap,Thang,Mong,Thua,Bet,A
Den,To,Den,Nau Vua,Thap,Xoan,Day,Ram,Do,A
Lam,To,Den,Nau Vua,Thap,Thang,Day,Thua,Ngan,Au
Den,Nho,Den,Nau Sam,Thap,Thang,Day,Ram,Dai,Phi
Den,Nho,Den,Trang Vang,Thap,Luon song,Day,Thua,Bet,A
Den,To,Den,Nau Vua,Thap,Xoan,Day,Ram,Dai,A
Den,Nho,Den,Nau Vua,Thap,Luon song,Day,Thua,Do,Uc
Lam,Nho,Vang,Nau Vua,Thap,Thang,Mong,Ram,Do,Au
Den,Nho,Den,Nau Vua,Thap,Xoan,Day,Ram,Bet,A
Den,Nho,Den,Nau Vua,Thap,Xoan,Day,Thua,Bet,A
Vang,To,Vang,Nau Vua,Thap,Luon song,Mong,Thua,Do,Au
Den,To,Den,Nau Sam,Cao,Luon song,Day,Ram,Dai,Uc
Den,To,Den,Nau Vua,Thap,Xoan,Day,Thua,Dai,A
Den,Nho,Do,Trang Vang,Cao,Thang,Day,Thua,Bet,Au
Den,To,Den,Nau Sam,Thap,Luon song,Mong,Ram,Bet,Uc
Den,Nho,Den,Nau Vua,Thap,Luon song,Day,Thua,Do,Uc
Den,To,Den,Nau Vua,Thap,Luon song,Day,Ram,Dai,Uc
Lam,Nho,Den,Nau Vua,Cao,Xoan,Day,Ram,Do,Au
Den,Nho,Den,Nau Vua,Thap,Xoan,Day,Thua,Do,A
Lam,Nho,Den,Nau Vua,Cao,Xoan,Day,Ram,Dai,Au
Den,Nho,Vang,Nau Vua,Thap,Xoan,Day,Ram,Dai,Au
Den,To,Den,Nau Vua,Thap,Thang,Mong,Thua,Bet,A
Den,Nho,Den,Nau Vua,Thap,Xoan,Day,Ram,Do,A
Den,To,Den,Nau Vua,Thap,Thang,Mong,Ram,Bet,A
Den,To,Den,Nau Vua,Thap,Thang,Mong,Ram,Bet,A
Den,To,Den,Nau Sam,Thap,Thang,Day,Ram,Dai,Phi
Den,To,Den,Nau Vua,Thap,Luon song,Day,Ram,Bet,Uc
Den,To,Den,Nau Sam,Thap,Thang,Day,Ram,Bet,Phi
Den,Nho,Den,Nau Sam,Thap,Thang,Mong,Ram,Do,Phi
Den,Nho,Den,Nau Vua,Thap,Thang,Day,Ram,Bet,A
Den,To,Den,Nau Vua,Thap,Xoan,Mong,Thua,Dai,A
Den,Nho,Den,Nau Vua,Thap,Luon song,Day,Ram,Ngan,Uc
Den,To,Den,Nau Vua,Thap,Luon song,Mong,Ram,Ngan,Uc
Lam,Nho,Den,Nau Vua,Thap,Xoan,Day,Ram,Ngan,Au
Lam,To,Den,Nau Vua,Cao,Thang,Day,Thua,Dai,Au
Den,Nho,Den,Nau Sam,Thap,Luon song,Day,Thua,Ngan,Phi
Lam,Nho,Den,Nau Vua,Thap,Luon song,Day,Thua,Do,Au
Den,Nho,Vang,Nau Sam,Thap,Xoan,Day,Ram,Ngan,Au
Den,To,Vang,Nau Vua,Thap,Luon song,Day,Ram,Do,Au
Den,Nho,Den,Nau Sam,Thap,Luon song,Day,Ram,Bet,Uc
Lam,Nho,Den,Nau Vua,Thap,Xoan,Mong,Thua,Bet,Au
Den,To,Den,Nau Sam,Thap,Xoan,Day,Ram,Bet,Phi
Den,Nho,Den,Nau Vua,Cao,Xoan,Day,Ram,Dai,Uc
Den,Nho,Vang,Nau Vua,Thap,Xoan,Mong,Ram,Ngan,Au
Den,Nho,Vang,Nau Vua,Cao,Thang,Day,Ram,Bet,Au
Lam,Nho,Den,Nau Vua,Cao,Thang,Mong,Ram,Ngan,Au
Den,To,Den,Nau Vua,Thap,Luon song,Day,Thua,Ngan,Uc
Den,Nho,Den,Nau Sam,Thap,Luon song,Day,Ram,Bet,Uc
Den,Nho,Den,Nau Vua,Thap,Thang,Mong,Ram,Bet,A
Den,To,Den,Nau Sam,Thap,Luon song,Day,Ram,Dai,Uc
Den,Nho,Den,Nau Sam,Thap,Xoan,Day,Ram,Bet,Phi
Den,To,Den,Nau Vua,Thap,Luon song,Day,Ram,Dai,Uc
Den,Nho,Den,Nau Sam,Cao,Thang,Mong,Ram,Bet,Phi
Den,To,Den,Nau Vua,Cao,Xoan,Day,Thua,Bet,A
Den,To,Den,Nau Vua,Thap,Thang,Mong,Thua,Bet,A
Den,To,Den,Nau Vua,Cao,Thang,Day,Thua,Bet,A
Den,Nho,Den,Nau Sam,Cao,Xoan,Day,Ram,Dai,Phi
Den,To,Den,Nau Vua,Thap,Xoan,Mong,Ram,Do,A
Den,To,Den,Nau Vua,Thap,Xoan,Day,Ram,Do,A
Den,Nho,Vang,Nau Sam,Thap,Thang,Day,Thua,Dai,Au
Den,To,Den,Nau Sam,Cao,Luon song,Mong,Ram,Dai,Uc
Den,Nho,Den,Nau Vua,Thap,Xoan,Day,Ram,Bet,A
Den,Nho,Den,Nau Vua,Cao,Luon song,Day,Ram,Bet,Uc
Den,To,Den,Nau Vua,Thap,Thang,Day,Ram,Do,A
Den,Nho,Den,Nau Vua,Thap,Xoan,Day,Ram,Ngan,A
Den,To,Den,Nau Vua,Thap,Luon song,Day,Ram,Do,Uc
Vang,Nho,Den,Nau Vua,Cao,Luon song,Day,Thua,Do,Au
Den,To,Den,Nau Vua,Thap,Xoan,Day,Thua,Dai,A
Den,Nho,Den,Trang Sang,Thap,Luon song,Day,Thua,Do,Au
Den,Nho,Den,Nau Sam,Thap,Xoan,Day,Thua,Do,Phi
Den,Nho,Vang,Nau Vua,Thap,Thang,Day,Ram,Ngan,Au
Den,Nho,Den,Nau Sam,Thap,Xoan,Day,Thua,Bet,Phi
Den,To,Den,Nau Vua,Thap,Luon song,Day,Ram,Bet,Uc
Den,Nho,Den,Nau Vua,Cao,Thang,Mong,Ram,Do,Uc
Den,To,Den,Nau Vua,Thap,Luon song,Day,Thua,Do,Uc
Den,To,Den,Nau Vua,Thap,Luon song,Day,Ram,Bet,Uc
Den,Nho,Den,Nau Vua,Thap,Thang,Day,Ram,Dai,A
Den,To,Den,Nau Sam,Thap,Xoan,Day,Thua,Bet,Phi
Den,Nho,Den,Nau Sam,Thap,Xoan,Mong,Thua,Dai,Phi
Den,To,Den,Nau Vua,Thap,Thang,Mong,Ram,Bet,A
Den,To,Den,Nau Vua,Thap,Luon song,Day,Thua,Dai,Uc
Den,Nho,Den,Nau Vua,Thap,Thang,Day,Thua,Ngan,A
Den,To,Den,Nau Vua,Thap,Xoan,Day,Thua,Ngan,A
Den,Nho,Den,Nau Sam,Thap,Xoan,Day,Ram,Bet,Phi
Den,Nho,Vang,Nau Vua,Thap,Xoan,Mong,Ram,Do,Au
Den,Nho,Den,Nau Sam,Thap,Thang,Day,Ram,Bet,Phi
Den,To,Vang,Nau Vua,Cao,Luon song,Day,Ram,Do,Au
Den,To,Den,Nau Sam,Cao,Luon song,Mong,Thua,Bet,Phi
Den,To,Den,Nau Vua,Cao,Thang,Mong,Ram,Do,Uc
Den,Nho,Den,Nau Vua,Thap,Luon song,Day,Ram,Dai,Uc
Lam,Nho,Vang,Nau Vua,Thap,Xoan,Mong,Ram,Ngan,Au
Lam,To,Den,Nau Vua,Thap,Xoan,Day,Thua,Dai,Au
Den,To,Den,Nau Vua,Thap,Xoan,Mong,Ram,Dai,A
Den,To,Den,Nau Vua,Thap,Luon song,Mong,Thua,Ngan,Uc
Den,Nho,Vang,Nau Vua,Thap,Xoan,Day,Ram,Dai,Au
Den,Nho,Den,Nau Vua,Cao,Luon song,Mong,Ram,Dai,Uc
Den,Nho,Den,Nau Vua,Thap,Xoan,Day,Ram,Do,A
Den,To,Den,Nau Vua,Thap,Thang,Mong,Ram,Dai,A
Den,Nho,Den,Nau Vua,Cao,Thang,Day,Ram,Bet,Uc
Den,Nho,Den,Nau Vua,Thap,Luon song,Day,Ram,Dai,Uc
Lam,To,Den,Nau Vua,Thap,Thang,Mong,Ram,Dai,Au
Den,To,Den,Nau Vua,Thap,Thang,Day,Ram,Dai,A
Den,To,Den,Nau Sam,Thap,Xoan,Mong,Ram,Dai,Phi
Den,To,Den,Nau Vua,Thap,Thang,Day,Ram,Bet,A
Den,To,Vang,Nau Vua,Cao,Xoan,Mong,Ram,Bet,Au
Den,Nho,Vang,Nau Vua,Thap,Luon song,Mong,Ram,Bet,Au
Den,To,Den,Nau Vua,Thap,Thang,Day,Ram,Bet,A
Den,To,Den,Nau Vua,Cao,Xoan,Mong,Ram,Do,Uc
Den,Nho,Den,Nau Sam,Thap,Luon song,Day,Ram,Bet,Uc
Vang,Nho,Den,Nau Sam,Cao,Xoan,Day,Thua,Bet,Au
Lam,To,Den,Nau Vua,Thap,Xoan,Day,Thua,Dai,Au
Den,Nho,Den,Trang Sang,Thap,Xoan,Mong,Thua,Do,Au
Den,Nho,Den,Trang Vang,Thap,Thang,Day,Thua,Dai,A
Den,Nho,Den,Nau Vua,Thap,Xoan,Mong,Thua,Dai,A
Den,To,Den,Nau Vua,Thap,Luon song,Day,Thua,Ngan,Uc
Den,Nho,Den,Nau Vua,Cao,Thang,Day,Ram,Bet,Uc
Den,Nho,Den,Nau Sam,Thap,Thang,Mong,Thua,Dai,Phi
Den,To,Den,Nau Vua,Thap,Luon song,Mong,Thua,Bet,Uc
Den,Nho,Den,Nau Sam,Thap,Xoan,Day,Thua,Dai,Phi
Den,Nho,Den,Nau Sam,Thap,Thang,Day,Ram,Do,Phi
Den,Nho,Vang,Nau Vua,Cao,Thang,Day,Ram,Bet,Au
Den,To,Den,Nau Vua,Cao,Xoan,Day,Ram,Bet,Uc
Lam,Nho,Den,Nau Sam,Thap,Luon song,Mong,Ram,Bet,Au
Den,Nho,Den,Nau Sam,Thap,Thang,Day,Ram,Bet,Phi
Den,Nho,Den,Nau Vua,Thap,Luon song,Day,Ram,Ngan,Uc
Den,Nho,Den,Nau Vua,Thap,Luon song,Day,Ram,Dai,Uc
Den,Nho,Den,Nau Sam,Thap,Xoan,Day,Ram,Dai,Phi
Den,Nho,Vang,Nau Vua,Cao,Thang,Mong,Thua,Bet,Au
Den,To,Den,Nau Sam,Cao,Luon song,Day,Thua,Bet,Phi
